"nombre";"url"
"I Have a Mansion in the Post-apocalyptic World";"https://novel-bin.net/novel-bin/i-have-a-mansion-in-the-post-apocalyptic-world-nov-595445057"
"After Getting Abandoned, I Choose to Become the General's Wife";"https://novel-bin.net/novel-bin/after-getting-abandoned-i-choose-to-become-the-generals-wife-nov1880494441"
"Heaven's Devourer";"https://novel-bin.net/novel-bin/heavens-devourer-novel-nov1172767437"
"Illimitable Until Death";"https://novel-bin.net/novel-bin/illimitable-until-death-nov-1509254865"
"I Woke the Sick and Disabled Prince on Our Wedding Night";"https://novel-bin.net/novel-bin/i-woke-the-sick-and-disabled-prince-on-our-wedding-night-nov-1042268646"
"Campus Rebirth: The Strongest Female Agent";"https://novel-bin.net/novel-bin/campus-rebirth-the-strongest-female-agent-nov-162615438"
"Card Room";"https://novel-bin.net/novel-bin/card-room-nov1530560093"
"Mama's Princess is Daddy's Beloved";"https://novel-bin.net/novel-bin/mamas-princess-is-daddys-beloved-nov-1565620385"
"First Day In Game, I Got Ten Billion From Infinite Number Of Check-ins";"https://novel-bin.net/novel-bin/first-day-in-game-i-got-ten-billion-from-infinite-number-of-check-ins-nov-1898580572"
"Isekai Nonbiri Nouka";"https://novel-bin.net/novel-bin/isekai-nonbiri-nouka-nov834114552"
"A Military Doctor Became a Stepmom in Ancient Times";"https://novel-bin.net/novel-bin/a-military-doctor-became-a-stepmom-in-ancient-times-nov-1148377374"
"Witcher: I Can Extract Everything";"https://novel-bin.net/novel-bin/witcher-i-can-extract-everything-nov-2121979234"
"Global Transmigration: Receiving God-like Talents!";"https://novel-bin.net/novel-bin/global-transmigration-receiving-god-like-talents-nov911557137"
"Godly Stay-Home Dad";"https://novel-bin.net/novel-bin/godly-stay-home-dad-nov875961838"
"Nanomancer Reborn - I've Become A Snow Girl?";"https://novel-bin.net/novel-bin/nanomancer-Reborn-Ive-become-a-snow-girl-nov-1008890948"
"The Founder of Qi Cultivation, Reincarnates?";"https://novel-bin.net/novel-bin/the-founder-of-qi-cultivation-reincarnates-nov937575056"
"Versatile Mage";"https://novel-bin.net/novel-bin/versatile-mage-nov1268221445"
"All-Mighty Girl Gets Spoiled by A Bigshot";"https://novel-bin.net/novel-bin/all-mighty-girl-gets-spoiled-by-a-bigshot-nov-1798319628"
"The Bigshot Shocks The World When She Backs Home";"https://novel-bin.net/novel-bin/the-bigshot-shocks-the-world-when-she-backs-home-nov-1708234319"
"The Author's POV";"https://novel-bin.net/novel-bin/the-authors-pov-nov-164414373"
"I Am Loaded with Passive Skills";"https://novel-bin.net/novel-bin/i-am-loaded-with-passive-skills-nov1012358025"
"The Yun Family's Ninth Child Is An Imp!";"https://novel-bin.net/novel-bin/the-yun-familys-ninth-child-is-an-imp-nov1464990856"
"I Married the Second Male Lead After Reincarnating";"https://novel-bin.net/novel-bin/i-married-the-second-male-lead-after-reincarnating-nov1377788160"
"Five Years Later, She Bombarded the Palace with a Miniature Version of the Regent";"https://novel-bin.net/novel-bin/five-years-later-she-bombarded-the-palace-with-a-miniature-version-of-the-regent-nov248671955"
"My Husband and I Brought Hundreds of Millions of Supplies to Farm";"https://novel-bin.net/novel-bin/my-husband-and-i-brought-hundreds-of-millions-of-supplies-to-farm-nov398006024"
"Mia is Not a Trouble-Maker!";"https://novel-bin.net/novel-bin/mia-is-not-a-trouble-maker-nov-141850350"
"All Hail Cousin Brother";"https://novel-bin.net/novel-bin/all-hail-cousin-brother-nov1874311724"
"Legend of Swordsman";"https://novel-bin.net/novel-bin/legend-of-swordsman-nov-1821702349"
"The Village Girl Who Jinxes Her Husband Is Filthy Rich";"https://novel-bin.net/novel-bin/the-village-girl-who-jinxes-her-husband-is-filthy-rich-nov460361708"
"Global Beast Taming: Awakening Top 10 SSS Talents at the Beginning";"https://novel-bin.net/novel-bin/global-beast-taming-awakening-top-10-sss-talents-at-the-beginning-nov-1363509893"
"The Golem Mage";"https://novel-bin.net/novel-bin/the-golem-mage-nov-970135052"
"I Became A Third-Rate Villain In The Hero Academy";"https://novel-bin.net/novel-bin/i-became-a-third-rate-villain-in-the-hero-academy-nov1316895869"
"Martial God Asura";"https://novel-bin.net/novel-bin/martial-god-asura-novel-nov-90456602"
"Reincarnation Of The Strongest Sword God";"https://novel-bin.net/novel-bin/reincarnation-of-the-strongest-sword-god-nov1727518347"
"Supremacy Games";"https://novel-bin.net/novel-bin/supremacy-games-nov-1783155548"
"The Sovereign's Ascension";"https://novel-bin.net/novel-bin/the-sovereigns-ascension-nov-733449180"
"Epic of Caterpillar";"https://novel-bin.net/novel-bin/epic-of-caterpillar-nov-738998940"
"SSS-Class Suicide Hunter";"https://novel-bin.net/novel-bin/sssclass-suicide-hunter-nov1789813292"
"Myth Beyond Heaven";"https://novel-bin.net/novel-bin/myth-beyond-heaven-nov-1142428783"
"Quick Transmigration Cannon Fodder's Record of Counterattacks";"https://novel-bin.net/novel-bin/quick-transmigration-cannon-fodders-record-of-counterattacks-nov1741124967"
"Talent Awakening: I, the Weakest Awakened, Start with Dragonfire Spell";"https://novel-bin.net/novel-bin/talent-awakening-i-the-weakest-awakened-start-with-dragonfire-spell-nov-1469584812"
"GREED: ALL FOR WHAT?";"https://novel-bin.net/novel-bin/greed-all-for-what-nov883529517"
"Reincarnated As a Fox With System";"https://novel-bin.net/novel-bin/reincarnated-as-a-fox-with-system-nov-173128289"
"Village Head's Debauchery";"https://novel-bin.net/novel-bin/village-heads-debauchery-nov-1368921422"
"Wizard World Irregular";"https://novel-bin.net/novel-bin/wizard-world-irregular-nov556464603"
"Live Dungeon!";"https://novel-bin.net/novel-bin/live-dungeon-nov1866658302"
"Isekai Yururi Kikou ~Raising Children While Being an Adventurer~";"https://novel-bin.net/novel-bin/isekai-yururi-kikou-raising-children-while-being-an-adventurer-nov817667823"
"The Grand Secretary's Pampered Wife";"https://novel-bin.net/novel-bin/the-grand-secretarys-pampered-wife-nov-1667651986"
"Herald of Steel";"https://novel-bin.net/novel-bin/herald-of-steel-nov1678281219"
"Blacksmith of the Apocalypse";"https://novel-bin.net/novel-bin/blacksmith-of-the-apocalypse-nov1488832677"
"The King of Hell's Genius Pampered Wife";"https://novel-bin.net/novel-bin/the-king-of-hells-genius-pampered-wife-nov-1357972832"
"Villainous Young Master's Otherworldly Harem";"https://novel-bin.net/novel-bin/villainous-young-masters-otherworldly-harem-nov1532697516"
"The Lucky Wife Reborn In the 90s Era Has A Spatial Ability";"https://novel-bin.net/novel-bin/the-lucky-wife-reborn-in-the-90s-era-has-a-spatial-ability-nov1195887"
"Chaos' Heir";"https://novel-bin.net/novel-bin/chaos-heir-nov1392888504"
"Everything Is Too Easy After Maxing My Talents";"https://novel-bin.net/novel-bin/everything-is-too-easy-after-maxing-my-talents-nov-1487709120"
"Forge of Destiny";"https://novel-bin.net/novel-bin/forge-of-destiny-nov191624615"
"Chaotic Sword God";"https://novel-bin.net/novel-bin/chaotic-sword-god-nov755620639"
"The World Conquest: Giving Birth To Become A God";"https://novel-bin.net/novel-bin/the-world-conquest-giving-birth-to-become-a-god-nov-1315023766"
"The Nebula's Civilization";"https://novel-bin.net/novel-bin/the-nebulas-civilization-nov107532139"
"The Return of the God Level Assassin";"https://novel-bin.net/novel-bin/the-return-of-the-god-level-assassin-nov-1358348011"
"Death… And Me";"https://novel-bin.net/novel-bin/death-and-me-nov1360412012"
"The Strange Adventure of a Broke Mercenary";"https://novel-bin.net/novel-bin/the-strange-adventure-of-a-broke-mercenary-nov479639887"
"Kuma Kuma Kuma Bear";"https://novel-bin.net/novel-bin/kuma-kuma-kuma-bear-nov2100975592"
"The Hitting Zone";"https://novel-bin.net/novel-bin/the-hitting-zone-nov-896558919"
"She Shocks The Whole World After Retirement";"https://novel-bin.net/novel-bin/she-shocks-the-whole-world-after-retirement-nov-817598821"
"Ankoku Kishi Monogatari ~Yuusha wo Taosu Tameni Maou ni Shoukansaremashita~";"https://novel-bin.net/novel-bin/ankoku-kishi-monogatari-yuusha-wo-taosu-tameni-maou-ni-shoukansaremashita-nov952392185"
"Bringing The Farm To Live In Another World";"https://novel-bin.net/novel-bin/bringing-the-farm-to-live-in-another-world-nov-994670"
"The Rough Hunter's Little Lucky Wife";"https://novel-bin.net/novel-bin/the-rough-hunters-little-lucky-wife-nov866705384"
"Reborn Missy An Adorable Wife";"https://novel-bin.net/novel-bin/reborn-missy-an-adorable-wife-nov-1936857628"
"Bigshot Gets Loved By All After Transmigrating Into A Book";"https://novel-bin.net/novel-bin/bigshot-gets-loved-by-all-after-transmigrating-into-a-book-nov5503893"
"The Gate Of Good Fortune";"https://novel-bin.net/novel-bin/the-gate-of-good-fortune-nov-2145330330"
"Major General's Smart and Gorgeous Wife";"https://novel-bin.net/novel-bin/major-generals-smart-and-gorgeous-wife-nov1829687158"
"I Become Baby Mafia Boss";"https://novel-bin.net/novel-bin/i-become-baby-mafia-boss-nov47601354"
"Realm of Myths and Legends";"https://novel-bin.net/novel-bin/realm-of-myths-and-legends-nov1211230467"
"D.E.M.O.N.S: Getting Summoned Weekly isn't so Bad";"https://novel-bin.net/novel-bin/demons-getting-summoned-weekly-isnt-so-bad-novel-nov-740162344"
"Bewitching Prince Spoils His Wife Genius Doctor Unscrupulous Consort";"https://novel-bin.net/novel-bin/bewitching-prince-spoils-his-wife-genius-doctor-unscrupulous-consort-nov-1184850231"
"Surprise! Tyrant's Little Crybaby Went on a Killing Spree After Being Reborn";"https://novel-bin.net/novel-bin/surprise-tyrants-little-crybaby-went-on-a-killing-spree-after-being-reborn-nov-461254226"
"The Reincarnated Villain Makes The Heroines Tearfully Beg for Forgiveness";"https://novel-bin.net/novel-bin/the-reincarnated-villain-makes-the-heroines-tearfully-beg-for-forgiveness-nov1912301679"
"God-tier Farm";"https://novel-bin.net/novel-bin/god-tier-farm-nov1415223317"
"Star Rank Hunter";"https://novel-bin.net/novel-bin/star-rank-hunter-nov-926077525"
"Lust Knight";"https://novel-bin.net/novel-bin/lust-knight-nov-278910219"
"Lord Of The World: I Become The Lord Of The Desert From The Start";"https://novel-bin.net/novel-bin/lord-of-the-world-i-become-the-lord-of-the-desert-from-the-start-nov1770628893"
"Ero Meter";"https://novel-bin.net/novel-bin/ero-meter-nov-385427005"
"Primordial Sin System";"https://novel-bin.net/novel-bin/primordial-sin-system-nov-1181632003"
"Neurolink System in the Modern World";"https://novel-bin.net/novel-bin/neurolink-system-in-the-modern-world-nov811051943"
"Rumor Has It That I'm Pregnant with His Highness' Child";"https://novel-bin.net/novel-bin/rumor-has-it-that-im-pregnant-with-his-highness-child-nov-448800143"
"Koko wa Ore ni Makasete Saki ni Ike to Itte kara 10 Nen ga Tattara Densetsu ni Natteita";"https://novel-bin.net/novel-bin/koko-wa-ore-ni-makasete-saki-ni-ike-to-itte-kara-10-nen-ga-tattara-densetsu-ni-natteita-nov1230519989"
"God Rank Upgrade System";"https://novel-bin.net/novel-bin/god-rank-upgrade-system-nov635065045"
"Legacy of the Dark Sage";"https://novel-bin.net/novel-bin/legacy-of-the-dark-sage-nov614863738"
"You Are My Unforgettable Love";"https://novel-bin.net/novel-bin/you-are-my-unforgettable-love-nov-727302058"
"Birth of the Demonic Sword";"https://novel-bin.net/novel-bin/birth-of-the-demonic-sword-nov-948473322"
"Bringing Culture to a Different World";"https://novel-bin.net/novel-bin/bringing-culture-to-a-different-world-nov1050686721"
"To Love You Again";"https://novel-bin.net/novel-bin/to-love-you-again-nov998991950"
"Exclusive Rights to An Online Voice Actor";"https://novel-bin.net/novel-bin/exclusive-rights-to-an-online-voice-actor-nov794241818"
"Dragon Lord: Erotic MMO";"https://novel-bin.net/novel-bin/dragon-lord-erotic-mmo-nov1282704753"
"Against the Gods";"https://novel-bin.net/novel-bin/against-the-gods-novel-nov425600819"
"Ranking System";"https://novel-bin.net/novel-bin/ranking-system-nov-746091509"
"The Billionaire's Genius Wife";"https://novel-bin.net/novel-bin/the-billionaires-genius-wife-nov221752914"
"Richest Man: Getting 7 Billion Red Pockets To Start With";"https://novel-bin.net/novel-bin/richest-man-getting-7-billion-red-pockets-to-start-with-nov1455862523"
"I Am The Young Master";"https://novel-bin.net/novel-bin/i-am-the-young-master-nov1367702165"
"Rebirth of a Nation's Darling – Prince Charming";"https://novel-bin.net/novel-bin/rebirth-of-a-nations-darling-8211-prince-charming-nov1126492805"
"My Vampire System";"https://novel-bin.net/novel-bin/my-vampire-system-nov-1050389580"
"Consort of a Thousand Faces";"https://novel-bin.net/novel-bin/consort-of-a-thousand-faces-nov573847777"
"Reincarnation Of The Businesswoman At School";"https://novel-bin.net/novel-bin/reincarnation-of-the-businesswoman-at-school-nov-93516832"
"Perfect World";"https://novel-bin.net/novel-bin/perfect-world-nov-1333249737"
"Rebirth to a Military Marriage: Good Morning Chief";"https://novel-bin.net/novel-bin/rebirth-to-a-military-marriage-good-morning-chief-nov-1506153903"
"The Desolate Era";"https://novel-bin.net/novel-bin/the-desolate-era-novel-nov787971834"
"Super Gene";"https://novel-bin.net/novel-bin/super-gene-nov1728123084"
"Endless Pampering Only For You";"https://novel-bin.net/novel-bin/endless-pampering-only-for-you-nov-2112363868"
"Evil Prince, Come Play With Me";"https://novel-bin.net/novel-bin/evil-prince-come-play-with-me-nov1454511369"
"Immortal and Martial Supreme Master";"https://novel-bin.net/novel-bin/immortal-and-martial-supreme-master-nov1144717946"
"Elite Mages' Academy";"https://novel-bin.net/novel-bin/elite-mages-academy-nov-1797224181"
"Xianxia: I Can Download Fully Levelled Abilities";"https://novel-bin.net/novel-bin/xianxia-i-can-download-fully-levelled-abilities-nov1956371443"
"Museum of Deadly Beasts";"https://novel-bin.net/novel-bin/museum-of-deadly-beasts-nov-867046310"
"Sign In: Becoming A Great Spell Deity Starting From The Magic Academy";"https://novel-bin.net/novel-bin/sign-in-becoming-a-great-spell-deity-starting-from-the-magic-academy-nov-331002531"
"Transmigrating to the 80s to Become Stepmom to Five Bigwigs";"https://novel-bin.net/novel-bin/transmigrating-to-the-80s-to-become-stepmom-to-five-bigwigs-nov1052425285"
"Mushoku Tensei";"https://novel-bin.net/novel-bin/mushoku-tensei-novel-nov126196319"
"My Dangerous Billionaire Husband";"https://novel-bin.net/novel-bin/my-dangerous-billionaire-husband-nov-1482485269"
"This Earth Is A Bit Fearsome";"https://novel-bin.net/novel-bin/this-earth-is-a-bit-fearsome-nov701817862"
"The Charm of Soul Pets";"https://novel-bin.net/novel-bin/the-charm-of-soul-pets-nov1914166479"
"I Have a Mansion in the Post-apocalyptic World";"https://novel-bin.net/novel-bin/i-have-a-mansion-in-the-post-apocalyptic-world-nov-595445057"
"After Getting Abandoned, I Choose to Become the General's Wife";"https://novel-bin.net/novel-bin/after-getting-abandoned-i-choose-to-become-the-generals-wife-nov1880494441"
"Heaven's Devourer";"https://novel-bin.net/novel-bin/heavens-devourer-novel-nov1172767437"
"Illimitable Until Death";"https://novel-bin.net/novel-bin/illimitable-until-death-nov-1509254865"
"I Woke the Sick and Disabled Prince on Our Wedding Night";"https://novel-bin.net/novel-bin/i-woke-the-sick-and-disabled-prince-on-our-wedding-night-nov-1042268646"
"Campus Rebirth: The Strongest Female Agent";"https://novel-bin.net/novel-bin/campus-rebirth-the-strongest-female-agent-nov-162615438"
"Card Room";"https://novel-bin.net/novel-bin/card-room-nov1530560093"
"Mama's Princess is Daddy's Beloved";"https://novel-bin.net/novel-bin/mamas-princess-is-daddys-beloved-nov-1565620385"
"First Day In Game, I Got Ten Billion From Infinite Number Of Check-ins";"https://novel-bin.net/novel-bin/first-day-in-game-i-got-ten-billion-from-infinite-number-of-check-ins-nov-1898580572"
"Isekai Nonbiri Nouka";"https://novel-bin.net/novel-bin/isekai-nonbiri-nouka-nov834114552"
"A Military Doctor Became a Stepmom in Ancient Times";"https://novel-bin.net/novel-bin/a-military-doctor-became-a-stepmom-in-ancient-times-nov-1148377374"
"Witcher: I Can Extract Everything";"https://novel-bin.net/novel-bin/witcher-i-can-extract-everything-nov-2121979234"
"Global Transmigration: Receiving God-like Talents!";"https://novel-bin.net/novel-bin/global-transmigration-receiving-god-like-talents-nov911557137"
"Godly Stay-Home Dad";"https://novel-bin.net/novel-bin/godly-stay-home-dad-nov875961838"
"Nanomancer Reborn - I've Become A Snow Girl?";"https://novel-bin.net/novel-bin/nanomancer-Reborn-Ive-become-a-snow-girl-nov-1008890948"
"The Founder of Qi Cultivation, Reincarnates?";"https://novel-bin.net/novel-bin/the-founder-of-qi-cultivation-reincarnates-nov937575056"
"Versatile Mage";"https://novel-bin.net/novel-bin/versatile-mage-nov1268221445"
"All-Mighty Girl Gets Spoiled by A Bigshot";"https://novel-bin.net/novel-bin/all-mighty-girl-gets-spoiled-by-a-bigshot-nov-1798319628"
"The Bigshot Shocks The World When She Backs Home";"https://novel-bin.net/novel-bin/the-bigshot-shocks-the-world-when-she-backs-home-nov-1708234319"
"The Author's POV";"https://novel-bin.net/novel-bin/the-authors-pov-nov-164414373"
"Rebirth of the Best Businesswoman at School";"https://novel-bin.net/novel-bin/rebirth-of-the-best-businesswoman-at-school-nov142301936"
"Almighty Sword Domain";"https://novel-bin.net/novel-bin/almighty-sword-domain-nov-995142247"
"Lady Gu Is Too Weak To Fend For Herself";"https://novel-bin.net/novel-bin/lady-gu-is-too-weak-to-fend-for-herself-nov-1307642489"
"World's Best Martial Artist";"https://novel-bin.net/novel-bin/worlds-best-martial-artist-nov1474609208"
"How To Survive as a Villain";"https://novel-bin.net/novel-bin/how-to-survive-as-a-villain-nov-1261623775"
"The Duke's Masked Wife";"https://novel-bin.net/novel-bin/the-dukes-masked-wife-nov1876760055"
"After Breaking Off My Marriage, I Became A Powerful Minister's Treasure";"https://novel-bin.net/novel-bin/after-breaking-off-my-marriage-i-became-a-powerful-ministers-treasure-nov2010842757"
"Remarried Empress";"https://novel-bin.net/novel-bin/remarried-empress-nov-1998748332"
"Invincible";"https://novel-bin.net/novel-bin/invincible-novel-nov928349555"
"Eternal Reverence";"https://novel-bin.net/novel-bin/eternal-reverence-nov636147504"
"Back For My Daughter";"https://novel-bin.net/novel-bin/back-for-my-daughter-nov-33367356"
"Super Detective in the Fictional World";"https://novel-bin.net/novel-bin/super-detective-in-the-fictional-world-nov1138926447"
"Global Killing: Awakening SSS-level Talent at the Beginning";"https://novel-bin.net/novel-bin/global-killing-awakening-sss-level-talent-at-the-beginning-nov-861525181"
"Reincarnated With The Strongest System";"https://novel-bin.net/novel-bin/reincarnated-with-the-strongest-system-nov-723770996"
"I, The Female Protagonist With Superpower, Am Super Fierce";"https://novel-bin.net/novel-bin/i-the-female-protagonist-with-superpower-am-super-fierce-nov-2059099810"
"The Little Brat's Sweet And Sassy";"https://novel-bin.net/novel-bin/the-little-brats-sweet-and-sassy-nov-2029496667"
"Lucky Pregnancy & Sweet Marriage: Hubby, Please Turn Off the Lights!";"https://novel-bin.net/novel-bin/lucky-pregnancy-sweet-marriage-hubby-please-turn-off-the-lights-nov589021835"
"Isaac";"https://novel-bin.net/novel-bin/isaac-nov1354093054"
"Everyone Wants to Pamper the Peasant Girl";"https://novel-bin.net/novel-bin/everyone-wants-to-pamper-the-peasant-girl-nov-1490858000"
"The Reversal of a Son-in-law";"https://novel-bin.net/novel-bin/the-reversal-of-a-son-in-law-nov301933049"
"Oukoku e Tsuzuku Michi";"https://novel-bin.net/novel-bin/oukoku-e-tsuzuku-michi-nov1823496602"
"Once Bitten, Twice Shy";"https://novel-bin.net/novel-bin/once-bitten-twice-shy-nov-603853517"
"The Regressed Demon Lord is Kind";"https://novel-bin.net/novel-bin/the-regressed-demon-lord-is-kind-nov328252105"
"God-Like Extraction";"https://novel-bin.net/novel-bin/god-like-extraction-nov-1686906255"
"Reincarnation: I Married My Ex's Brother";"https://novel-bin.net/novel-bin/reincarnation-i-married-my-exs-brother-nov851735038"
"Master Xiao, Your Wife Has Reborn";"https://novel-bin.net/novel-bin/master-xiao-your-wife-has-reborn-nov1776135065"
"Unable to Cultivate, I Can Only Raise Soul Pets";"https://novel-bin.net/novel-bin/unable-to-cultivate-i-can-only-raise-soul-pets-nov-1522127572"
"Great Doctor Ling Ran";"https://novel-bin.net/novel-bin/great-doctor-ling-ran-nov880698331"
"Astral Pet Store";"https://novel-bin.net/novel-bin/astral-pet-store-nov1677223654"
"Mercenary Black Mamba";"https://novel-bin.net/novel-bin/mercenary-black-mamba-nov694993752"
"The Idol Group Pet Became a Final Boss!";"https://novel-bin.net/novel-bin/the-idol-group-pet-became-a-final-boss-nov437995540"
"Rebirth from the Ashes";"https://novel-bin.net/novel-bin/rebirth-from-the-ashes-nov260774091"
"My Children Are Fierce and Adorable!";"https://novel-bin.net/novel-bin/my-children-are-fierce-and-adorable-nov949541008"
"The Immortal's Wine Store";"https://novel-bin.net/novel-bin/the-immortals-wine-store-nov-2070656981"
"Shinwa Densetsu no Eiyuu no Isekaitan";"https://novel-bin.net/novel-bin/shinwa-densetsu-no-eiyuu-no-isekaitan-nov1376008729"
"I Got a Cheat and Moved to Another World, so I Want to Live as I Like";"https://novel-bin.net/novel-bin/i-got-a-cheat-and-moved-to-another-world-so-i-want-to-live-as-i-like-nov-1613435160"
"Almighty Video Game Designer";"https://novel-bin.net/novel-bin/almighty-video-game-designer-nov1922797913"
"His Breathtaking and Shimmering Light";"https://novel-bin.net/novel-bin/his-breathtaking-and-shimmering-light-nov1720601075"
"Former General Is Undead Knight";"https://novel-bin.net/novel-bin/former-general-is-undead-knight-nov127268928"
"A Wish to Grab Happiness";"https://novel-bin.net/novel-bin/a-wish-to-grab-happiness-nov1261908515"
"Arifureta Shokugyou de Sekai Saikyou (WN)";"https://novel-bin.net/novel-bin/arifureta-shokugyou-de-sekai-saikyou-wn-nov-722545317"
"Rebuild World";"https://novel-bin.net/novel-bin/rebuild-world-nov-1104705979"
"Almighty Daughter Runs The World";"https://novel-bin.net/novel-bin/almighty-daughter-runs-the-world-nov-221097573"
"History's Strongest Senior Brother";"https://novel-bin.net/novel-bin/historys-strongest-senior-brother-nov1785350260"
"I'm Actually a Cultivation Bigshot";"https://novel-bin.net/novel-bin/im-actually-a-cultivation-bigshot-nov1577124459"
"Stepmother: I Am Asked To Give A Kidney To My Half-Brother";"https://novel-bin.net/novel-bin/stepmother-i-am-asked-to-give-a-kidney-to-my-half-brother-nov1767717249"
"My Secretary is a Little Sweet";"https://novel-bin.net/novel-bin/my-secretary-is-a-little-sweet-nov796245047"
"Imparting My Cultivation To Beasts Gets Me 10,000X In Return!";"https://novel-bin.net/novel-bin/imparting-my-cultivation-to-beasts-gets-me-10000x-in-return-nov-1543675967"
"My Wife is a Beautiful CEO";"https://novel-bin.net/novel-bin/my-wife-is-a-beautiful-ceo-nov-1963904446"
"The Legend of Futian";"https://novel-bin.net/novel-bin/the-legend-of-futian-nov1814026536"
"Coming of the Villain Boss!";"https://novel-bin.net/novel-bin/coming-of-the-villain-boss-nov1693245490"
"She Becomes Glamorous After The Engagement Annulment";"https://novel-bin.net/novel-bin/she-becomes-glamorous-after-the-engagement-annulment-wn-nov1575450306"
"The Immortal Emperor Returns";"https://novel-bin.net/novel-bin/the-immortal-emperor-returns-nov-370219979"
"Demon Queen Rebirth: I Reincarnated as a Living Armor?!";"https://novel-bin.net/novel-bin/demon-queen-rebirth-i-reincarnated-as-a-living-armor-nov-1610762648"
"Insanely Pampered Wife: Divine Doctor Fifth Young Miss";"https://novel-bin.net/novel-bin/insanely-pampered-wife-divine-doctor-fifth-young-miss-nov-92752319"
"Amazing Doctor With Super Vision";"https://novel-bin.net/novel-bin/amazing-doctor-with-super-vision-nov-186359800"
"The Substitute Madam Amazes the World Once More";"https://novel-bin.net/novel-bin/the-substitute-madam-amazes-the-world-once-more-nov-614405987"
"Legend";"https://novel-bin.net/novel-bin/legend-nov-1402517454"
"Me! The Strongest Alchemist!";"https://novel-bin.net/novel-bin/me-the-strongest-alchemist-nov-1025834136"
"The Strongest Wizard Becomes a Countryside Guardsman After Taking an Arrow to the Knee";"https://novel-bin.net/novel-bin/the-strongest-wizard-becomes-a-countryside-guardsman-after-taking-an-arrow-to-the-knee-nov1553880948"
"Realms In The Firmament";"https://novel-bin.net/novel-bin/realms-in-the-firmament-nov1176630283"
"Five Villain Daddies Are Fighting To Spoil Me";"https://novel-bin.net/novel-bin/five-villain-daddies-are-fighting-to-spoil-me-nov1076266797"
"An A-Ranked Adventurer's 'Slow-living'";"https://novel-bin.net/novel-bin/an-a-ranked-adventurers-slow-living-nov1459452328"
"My Disciple Died Yet Again";"https://novel-bin.net/novel-bin/my-disciple-died-yet-again-nov1461484654"
"My Girlfriend is a Zombie";"https://novel-bin.net/novel-bin/my-girlfriend-is-a-zombie-nov1182801960"
"Descent of the Demon God";"https://novel-bin.net/novel-bin/descent-of-the-demon-god-nov-1679252704"
"Reincarnated as a Red Dragon, Discipline Makes Me Stronger!";"https://novel-bin.net/novel-bin/reincarnated-as-a-red-dragon-discipline-makes-me-stronger-nov739893945"
"The Atypical Young Lady Has Returned";"https://novel-bin.net/novel-bin/the-atypical-young-lady-has-returned-nov-1741997037"
"Maxed Out My Passive Skill Due to My Laziness";"https://novel-bin.net/novel-bin/maxed-out-my-passive-skill-due-to-my-laziness-nov1166651042"
"God Level Demon";"https://novel-bin.net/novel-bin/god-level-demon-nov-972926794"
"The Enchantress Of Medicine, With The Heaven Defying Child, And The Black Belly Father";"https://novel-bin.net/novel-bin/the-enchantress-of-medicine-with-the-heaven-defying-child-and-the-black-belly-father-nov1069738577"
"Hide in the Banished Palace and Level Up To A Big Boss";"https://novel-bin.net/novel-bin/hide-in-the-banished-palace-and-level-up-to-a-big-boss-nov1300307753"
"80 Years Of Signing-In At The Cold Palace, I Am Unrivalled";"https://novel-bin.net/novel-bin/80-years-of-signing-in-at-the-cold-palace-i-am-unrivalled-nov864651936"
"21st century Goguryeo";"https://novel-bin.net/novel-bin/21st-century-goguryeo-nov-669438382"
"Kingdom's Bloodline";"https://novel-bin.net/novel-bin/kingdoms-bloodline-nov1929531406"
"God Of Soul System";"https://novel-bin.net/novel-bin/god-of-soul-system-nov-1143602775"
"Red Packet Server";"https://novel-bin.net/novel-bin/red-packet-server-nov-2110943791"
"Takarakuji de 40-oku Atattandakedo Isekai ni Ijuu Suru";"https://novel-bin.net/novel-bin/takarakuji-de-40-oku-atattandakedo-isekai-ni-ijuu-suru-nov-414140642"
"My Passive Skills are Invincible!";"https://novel-bin.net/novel-bin/my-passive-skills-are-invincible-nov-1594063487"
"Peerless Battle Spirit";"https://novel-bin.net/novel-bin/peerless-battle-spirit-nov2105414201"
"Commanding Wind and Cloud";"https://novel-bin.net/novel-bin/commanding-wind-and-cloud-nov-862211595"
"Lord of All Realms";"https://novel-bin.net/novel-bin/lord-of-all-realms-nov-203175757"
"Immortal and Martial Dual Cultivation";"https://novel-bin.net/novel-bin/immortal-and-martial-dual-cultivation-nov1797740929"
"Tempest of the Stellar War";"https://novel-bin.net/novel-bin/tempest-of-the-stellar-war-nov1526770494"
"Battle Frenzy";"https://novel-bin.net/novel-bin/battle-frenzy-nov1081694798"
"Demon Wang's Golden Favorite Fei";"https://novel-bin.net/novel-bin/demon-wangs-golden-favorite-fei-nov-1312920157"
"The Unrivaled Tang Sect";"https://novel-bin.net/novel-bin/the-unrivaled-tang-sect-nov-2116023818"
"Rebirth of the Godly Prodigal";"https://novel-bin.net/novel-bin/rebirth-of-the-godly-prodigal-nov1528793594"
"Reverend Insanity";"https://novel-bin.net/novel-bin/reverend-insanity-nov-691180134"
"The Indomitable Master of Elixirs";"https://novel-bin.net/novel-bin/the-indomitable-master-of-elixirs-nov-398132697"
"The Most Loving Marriage In History: Master Mu's Pampered Wife";"https://novel-bin.net/novel-bin/the-most-loving-marriage-in-history-master-mus-pampered-wife-wn-nov851223594"
"Tempest of the Battlefield";"https://novel-bin.net/novel-bin/tempest-of-the-battlefield-nov-1798134768"
"Quickly Wear the Face of the Devil";"https://novel-bin.net/novel-bin/quickly-wear-the-face-of-the-devil-nov432713860"
"Fishing the Myriad Heavens";"https://novel-bin.net/novel-bin/fishing-the-myriad-heavens-nov-63447275"
"Hubby, Your Fox Fairy Wants Everything";"https://novel-bin.net/novel-bin/hubby-your-fox-fairy-wants-everything-nov391462929"
"The Godsfall Chronicles";"https://novel-bin.net/novel-bin/the-godsfall-chronicles-nov-1551857032"
"After Divorcing, She Became An Absolute Beauty";"https://novel-bin.net/novel-bin/after-divorcing-she-became-an-absolute-beauty-nov-720188893"
"Perfect Secret Love: The Bad New Wife is a Little Sweet";"https://novel-bin.net/novel-bin/perfect-secret-love-the-bad-new-wife-is-a-little-sweet-nov1765103744"
"The Failed Swordsman Who Became the Strongest After Spamming the 100 Million Years Button";"https://novel-bin.net/novel-bin/the-failed-swordsman-who-became-the-strongest-after-spamming-the-100-million-years-button-nov-1038604957"
"Renegade Immortal";"https://novel-bin.net/novel-bin/renegade-immortal-nov-518691808"
"Hidden Marriage";"https://novel-bin.net/novel-bin/hidden-marriage-nov860551602"
"Invincible Kungfu Healer";"https://novel-bin.net/novel-bin/invincible-kungfu-healer-nov-1183565753"
"Strategy to Capture That Scum Gong";"https://novel-bin.net/novel-bin/strategy-to-capture-that-scum-gong-nov-1676893820"
"Holy Emperor's Grandson is a Necromancer";"https://novel-bin.net/novel-bin/holy-emperors-grandson-is-a-necromancer-nov1832102883"
"Sword Among Us";"https://novel-bin.net/novel-bin/sword-among-us-nov-1234411068"
"Take My Breath Away";"https://novel-bin.net/novel-bin/take-my-breath-away-nov-1434945915"
"As A Cardinal, I Don't Do Overtime";"https://novel-bin.net/novel-bin/as-a-cardinal-i-dont-do-overtime-nov140461686"
"My Dad Is the Galaxy's Prince Charming";"https://novel-bin.net/novel-bin/my-dad-is-the-galaxys-prince-charming-nov753022386"
"The Demon's Soul";"https://novel-bin.net/novel-bin/the-demons-soul-nov1031620673"
"Zhu Xian";"https://novel-bin.net/novel-bin/zhu-xian-nov1815247305"
"Kiss the Black Cat";"https://novel-bin.net/novel-bin/kiss-the-black-cat-nov590387074"
"Practicing Basic Sorcery for Billions of Times Made Me Invincible";"https://novel-bin.net/novel-bin/practicing-basic-sorcery-for-billions-of-times-made-me-invincible-nov-1174038999"
"Kokuhaku Yokou Renshuu";"https://novel-bin.net/novel-bin/kokuhaku-yokou-renshuu-nov1838241095"
"Kyoukai Senjou no Horizon – Kimitoasamade";"https://novel-bin.net/novel-bin/kyoukai-senjou-no-horizon-kimitoasamade-nov162014849"
"Lady Cultivator";"https://novel-bin.net/novel-bin/lady-cultivator-nov-2018215483"
"To Deprive a Deprived Person";"https://novel-bin.net/novel-bin/to-deprive-a-deprived-person-nov-409630366"
"Kill the Lights";"https://novel-bin.net/novel-bin/kill-the-lights-nov1029034413"
"A Vampire's Contract Wife";"https://novel-bin.net/novel-bin/a-vampires-contract-wife-nov-429531371"
"Silent Crown";"https://novel-bin.net/novel-bin/silent-crown-nov1061695972"
"I Evolved Into a Super Tyrannosaurus Before Future Humans Arrived";"https://novel-bin.net/novel-bin/i-evolved-into-a-super-tyrannosaurus-before-future-humans-arrived-nov-1984790863"
"Megami Buchigire";"https://novel-bin.net/novel-bin/megami-buchigire-nov-1475389780"
"The Girl Raised by the Death God Holds the Sword of Darkness in Her Arms";"https://novel-bin.net/novel-bin/the-girl-raised-by-the-death-god-holds-the-sword-of-darkness-in-her-arms-nov-1919551663"
"Level Up Just By Eating";"https://novel-bin.net/novel-bin/level-up-just-by-eating-nov1611839597"
"Becoming Rich In A Beast World";"https://novel-bin.net/novel-bin/becoming-rich-in-a-beast-world-nov1818231549"
"An Immortal's Tales Of Demons And Gods - TDG Fanfic";"https://novel-bin.net/novel-bin/an-immortals-tales-of-demons-and-gods-tdg-fanfic-nov-2139289428"
"Sorcerer in the Women's World";"https://novel-bin.net/novel-bin/sorcerer-in-the-womens-world-nov763656893"
"Li Chuan's Past";"https://novel-bin.net/novel-bin/li-chuans-past-nov-392503522"
"Lillia to Treize";"https://novel-bin.net/novel-bin/lillia-to-treize-nov1348512332"
"Extraordinary Genius";"https://novel-bin.net/novel-bin/extraordinary-genius-nov90473495"
"Looking Over at the Guy Across the Way";"https://novel-bin.net/novel-bin/looking-over-at-the-guy-across-the-way-nov574706579"
"Master Ye's Second Marriage";"https://novel-bin.net/novel-bin/master-ye-s-second-marriage-nov-1115264936"
"Lord of the Magical Beasts";"https://novel-bin.net/novel-bin/lord-of-the-magical-beasts-novel-nov942435543"
"I Have A Super USB Drive";"https://novel-bin.net/novel-bin/i-have-a-super-usb-drive-nov401729255"
"Invincible Teacher";"https://novel-bin.net/novel-bin/invincible-teacher-nov115870745"
"Pampering you to the bone: Good Morning, young Master Jue";"https://novel-bin.net/novel-bin/pampering-you-to-the-bone-good-morning-young-master-jue-nov1593199021"
"Heaven Official's Blessing";"https://novel-bin.net/novel-bin/heaven-officials-blessing-nov-346499677"
"Why Did You Summon Me?";"https://novel-bin.net/novel-bin/why-did-you-summon-me-nov-1878320152"
"Strongest Abandoned Son";"https://novel-bin.net/novel-bin/strongest-abandoned-son-novel-nov-840283217"
"Love Stops Rumours";"https://novel-bin.net/novel-bin/love-stops-rumours-nov1800004959"
"Lv1 Skeleton";"https://novel-bin.net/novel-bin/lv1-skeleton-nov982492440"
"Banished to Another World";"https://novel-bin.net/novel-bin/banished-to-another-world-nov-2132955238"
"The Inconceivable Flame: A Fallen Angel's Disguise";"https://novel-bin.net/novel-bin/the-inconceivable-flame-a-fallen-angels-disguise-nov-1848223361"
"Mr. Huo's Expensive Cute Wife";"https://novel-bin.net/novel-bin/mr-huos-expensive-cute-wife-nov-1738282454"
"The General Loves to Collect Little Red Flowers";"https://novel-bin.net/novel-bin/the-general-loves-to-collect-little-red-flowers-nov-578519854"
"Mister Li, the Heart Bandit";"https://novel-bin.net/novel-bin/mister-li-the-heart-bandit-nov-1516654923"
"Divine Doctor: Daughter of the First Wife";"https://novel-bin.net/novel-bin/divine-doctor-daughter-of-the-first-wife-nov1131154064"
"Sevens";"https://novel-bin.net/novel-bin/sevens-nov-902062485"
"Max-Level Great Swordsman in the Women's World";"https://novel-bin.net/novel-bin/max-level-great-swordsman-in-the-womens-world-nov1367026472"
"Divine Brilliance";"https://novel-bin.net/novel-bin/divine-brilliance-nov-1599750526"
"I Just Want to Be in a Relationship";"https://novel-bin.net/novel-bin/i-just-want-to-be-in-a-relationship-nov-1118558503"
"Professional Body Double";"https://novel-bin.net/novel-bin/professional-body-double-nov1818478619"
"Rolling love";"https://novel-bin.net/novel-bin/rolling-love-nov-457211041"
"The Man Picked up by the Gods";"https://novel-bin.net/novel-bin/the-man-picked-up-by-the-gods-nov-1303166886"
"Boss, Your Wife Runs Again";"https://novel-bin.net/novel-bin/boss-your-wife-runs-again-nov312415682"
"Life Mission";"https://novel-bin.net/novel-bin/life-mission-nov-1027173536"
"Earth's Best Gamer";"https://novel-bin.net/novel-bin/earths-best-gamer-nov1842543648"
"When A Snail Falls in Love";"https://novel-bin.net/novel-bin/when-a-snail-falls-in-love-nov-864729465"
"Red Storm";"https://novel-bin.net/novel-bin/red-storm-nov-997785390"
"Fatal Shot";"https://novel-bin.net/novel-bin/fatal-shot-nov-1758056504"
"Rebirth: Pampered Wife’s Counterattack";"https://novel-bin.net/novel-bin/rebirth-pampered-wifes-counterattack-nov1861644850"
"God of Money";"https://novel-bin.net/novel-bin/god-of-money-nov1743826720"
"I Am A Prodigy";"https://novel-bin.net/novel-bin/i-am-a-prodigy-nov-1305330400"
"The Daily Task of Preventing My Disciple from Turning to the Dark Side";"https://novel-bin.net/novel-bin/the-daily-task-of-preventing-my-disciple-from-turning-to-the-dark-side-nov-1026750604"
"Who Touched My Tail!";"https://novel-bin.net/novel-bin/who-touched-my-tail-nov-1099660616"
"Abyss Domination";"https://novel-bin.net/novel-bin/abyss-domination-nov-1437125848"
"Dungeon Hunter";"https://novel-bin.net/novel-bin/dungeon-hunter-nov-648895592"
"This World Has Gone Crazy";"https://novel-bin.net/novel-bin/this-world-has-gone-crazy-nov406230341"
"Awakening";"https://novel-bin.net/novel-bin/awakening-nov-538562850"
"Letting Loose After Marrying A Tycoon";"https://novel-bin.net/novel-bin/letting-loose-after-marrying-a-tycoon-nov-1770943955"
"Harem Tales of a Reincarnated Elf Prince";"https://novel-bin.net/novel-bin/harem-tales-of-a-reincarnated-elf-prince-nov903094255"
"The Transmigration Routine of Always Being Captured by ML";"https://novel-bin.net/novel-bin/the-transmigration-routine-of-always-being-captured-by-ml-nov1083143477"
"After Transmigrating as a Demon, I've Been Adopted by Angels!";"https://novel-bin.net/novel-bin/after-transmigrating-as-a-demon-ive-been-adopted-by-angels-nov-1073747856"
"The Resplendent Farming Apothecary";"https://novel-bin.net/novel-bin/the-resplendent-farming-apothecary-nov-677931559"
"God Level Summoner";"https://novel-bin.net/novel-bin/god-level-summoner-nov475689933"
"The Perfect Destiny";"https://novel-bin.net/novel-bin/the-perfect-destiny-nov241695579"
"Game Loading";"https://novel-bin.net/novel-bin/game-loading-nov-1943429242"
"Overlord (LN)";"https://novel-bin.net/novel-bin/overlord-ln-nov-1730979733"
"The Undetectable Strongest Job: Rule Breaker";"https://novel-bin.net/novel-bin/the-undetectable-strongest-job-rule-breaker-nov-1854731383"
"Akuyaku Reijou wa Danna-sama wo Yasesasetai";"https://novel-bin.net/novel-bin/akuyaku-reijou-wa-danna-sama-wo-yasesasetai-nov-1288841612"
"My Instant Marriage";"https://novel-bin.net/novel-bin/my-instant-marriage-nov-1745054756"
"Everyone Else is a Returnee";"https://novel-bin.net/novel-bin/everyone-else-is-a-returnee-nov1429586034"
"Cthulhu Gonfalon";"https://novel-bin.net/novel-bin/cthulhu-gonfalon-nov-1853763871"
"My Special Ability is Perfect Replication";"https://novel-bin.net/novel-bin/my-special-ability-is-perfect-replication-nov1256206566"
"I Don't Want To Defy The Heavens";"https://novel-bin.net/novel-bin/i-dont-want-to-defy-the-heavens-nov-1891286475"
"Closed Beta That Only I Played";"https://novel-bin.net/novel-bin/closed-beta-that-only-i-played-nov-467221485"
"Stubborn Love of a Roguish Scion";"https://novel-bin.net/novel-bin/stubborn-love-of-a-roguish-scion-nov1244225094"
"It's Actually Not Easy Wanting to be a Supporting Male Lead";"https://novel-bin.net/novel-bin/its-actually-not-easy-wanting-to-be-a-supporting-male-lead-nov1115451434"
"This Way of Transmigration Is Definitely Wrong!";"https://novel-bin.net/novel-bin/this-way-of-transmigration-is-definitely-wrong-nov-1142507449"
"Beware Mr. Officer, Tread Carefully!";"https://novel-bin.net/novel-bin/beware-mr-officer-tread-carefully-nov936626985"
"Dragon Maken War";"https://novel-bin.net/novel-bin/dragon-maken-war-nov-599331386"
"Julietta's Dressup";"https://novel-bin.net/novel-bin/juliettas-dressup-nov30390457"
"Infernal Hero";"https://novel-bin.net/novel-bin/infernal-hero-nov-647501727"
"Dimensional Sovereign";"https://novel-bin.net/novel-bin/dimensional-sovereign-nov-370668933"
"Unassailable CEO Daddy";"https://novel-bin.net/novel-bin/unassailable-ceo-daddy-nov-133862326"
"Newlyweds 1001 Nights: Mr. Bo's Love Life";"https://novel-bin.net/novel-bin/newlyweds-1001-nights-mr-bos-love-life-nov1649461781"
"Feng Yin Tian Xia";"https://novel-bin.net/novel-bin/feng-yin-tian-xia-nov-866043314"
"Galactic Dark Net";"https://novel-bin.net/novel-bin/galactic-dark-net-nov1255580862"
"Rebirth Of The General's Granddaughter";"https://novel-bin.net/novel-bin/rebirth-of-the-generals-granddaughter-nov-425510168"
"It's Not Easy to Be a Man After Travelling to the Future";"https://novel-bin.net/novel-bin/its-not-easy-to-be-a-man-after-travelling-to-the-future-nov-1851801427"
"Close Combat Mage";"https://novel-bin.net/novel-bin/close-combat-mage-nov436841659"
"The Doctress with Healing Hands: Your Highness, Please Behave Yourself";"https://novel-bin.net/novel-bin/the-doctress-with-healing-hands-your-highness-please-behave-yourself-nov-97724450"
"Legend of Legends";"https://novel-bin.net/novel-bin/legend-of-legends-nov-873568075"
"Overlord of Blood and Iron";"https://novel-bin.net/novel-bin/overlord-of-blood-and-iron-novel-nov-2142638985"
"Hunting for Love for 101 Times";"https://novel-bin.net/novel-bin/hunting-for-love-for-101-times-nov163060371"
"Kyoukai Senjou no Horizon";"https://novel-bin.net/novel-bin/kyoukai-senjou-no-horizon-nov71071647"
"Limitless Sword God";"https://novel-bin.net/novel-bin/limitless-sword-god-nov702074776"
"I am a Chef in the Modern Era";"https://novel-bin.net/novel-bin/i-am-a-chef-in-the-modern-era-nov246684625"
"Master Hunter K";"https://novel-bin.net/novel-bin/master-hunter-k-nov-2048262258"
"Dungeon Maker";"https://novel-bin.net/novel-bin/dungeon-maker-nov-839157610"
"Empress of Otherverse";"https://novel-bin.net/novel-bin/empress-of-otherverse-nov666169166"
"Blunt Type Ogre Girl's Way to Live Streaming";"https://novel-bin.net/novel-bin/blunt-type-ogre-girls-way-to-live-streaming-nov954362361"
"Swordmeister of Rome";"https://novel-bin.net/novel-bin/swordmeister-of-rome-nov1340367461"
"Ten Ways to Make a Difference with the Tyrant";"https://novel-bin.net/novel-bin/ten-ways-to-make-a-difference-with-the-tyrant-nov1149774148"
"Reboot Sienna";"https://novel-bin.net/novel-bin/reboot-sienna-nov-289452033"
"Back to 1985: Spicy Pretty Wife";"https://novel-bin.net/novel-bin/back-to-1985-spicy-pretty-wife-nov617572998"
"So What If It's an RPG World?";"https://novel-bin.net/novel-bin/so-what-if-its-an-rpg-world-nov291044912"
"The Former Wife of Invisible Wealthy Man";"https://novel-bin.net/novel-bin/the-former-wife-of-invisible-wealthy-man-nov148848708"
"The #1 Pretty Boy of the Immortal Path";"https://novel-bin.net/novel-bin/the-1-pretty-boy-of-the-immortal-path-nov-1157028558"
"Tycoon mommy and president daddy";"https://novel-bin.net/novel-bin/tycoon-mommy-and-president-daddy-nov198814571"
"FOG [e-sports]";"https://novel-bin.net/novel-bin/fog-e-sports-nov1763889787"
"Hidden Blade";"https://novel-bin.net/novel-bin/hidden-blade-nov1098922074"
"Extraordinary Player";"https://novel-bin.net/novel-bin/extraordinary-player-nov1710872065"
"Deep Affection: Honey, Come Back To Me";"https://novel-bin.net/novel-bin/deep-affection-honey-come-back-to-me-nov1384409637"
"President, go away!";"https://novel-bin.net/novel-bin/president-go-away-nov1320209931"
"My Civil Servant Life Reborn in the Strange World";"https://novel-bin.net/novel-bin/my-civil-servant-life-reborn-in-the-strange-world-nov243462617"
"The CEO's Daring Wife";"https://novel-bin.net/novel-bin/the-ceos-daring-wife-nov145934699"
"Battle Royale of the Sinners";"https://novel-bin.net/novel-bin/battle-royale-of-the-sinners-nov1872241597"
"The Reborn Me Get Spoiled By Everyone";"https://novel-bin.net/novel-bin/the-reborn-me-get-spoiled-by-everyone-nov-359434090"
"Ark";"https://novel-bin.net/novel-bin/ark-nov1909863359"
"The Empress' Livestream";"https://novel-bin.net/novel-bin/the-empress-livestream-nov-976384993"
"Upgrade Specialist in Another World";"https://novel-bin.net/novel-bin/upgrade-specialist-in-another-world-nov-312233424"
"Young Master Damien's Pet";"https://novel-bin.net/novel-bin/young-master-damiens-pet-nov-1922311214"
"Sha Po Lang";"https://novel-bin.net/novel-bin/sha-po-lang-nov257459328"
"Scapegoat Sister Vs Second Prince";"https://novel-bin.net/novel-bin/scapegoat-sister-vs-second-prince-nov-808759564"
"Handsome CEO's Darling Wife";"https://novel-bin.net/novel-bin/handsome-ceos-darling-wife-nov-328003403"
"Zero no Tsukaima";"https://novel-bin.net/novel-bin/zero-no-tsukaima-nov501290589"
"Digging to Survive: I Can See Hints";"https://novel-bin.net/novel-bin/digging-to-survive-i-can-see-hints-nov-915258215"
"Pursuit of the Truth";"https://novel-bin.net/novel-bin/pursuit-of-the-truth-nov-1503380783"
"Age of Mecha: Divine-grade Genetic Extraction";"https://novel-bin.net/novel-bin/age-of-mecha-divine-grade-genetic-extraction-nov-1263632605"
"Rebirth on the Doors to the Civil Affairs Bureau";"https://novel-bin.net/novel-bin/rebirth-on-the-doors-to-the-civil-affairs-bureau-nov-292255751"
