,nombre,urls,novela_id,capitulo_id
0,Chapter 1: Wedding Night,https://novel-bin.net/novel-bin/becoming-immortal-through-getting-married-nov-1998792937/cchapter-1-wedding-night,65efbb58eb6e829adc4a104c,65f1a57605857ee1118a327d
1,Chapter 2: Emotional Enhancement,https://novel-bin.net/novel-bin/becoming-immortal-through-getting-married-nov-1998792937/cchapter-2-emotional-enhancement,65efbb58eb6e829adc4a104c,65f1a57a05857ee1118a327e
2,Chapter 3: Immortal Cultivation Is the Only Way,https://novel-bin.net/novel-bin/becoming-immortal-through-getting-married-nov-1998792937/cchapter-3-immortal-cultivation-is-the-only-way,65efbb58eb6e829adc4a104c,65f1a57e05857ee1118a327f
3,Chapter 4: First Level Intermediate Alchemist,https://novel-bin.net/novel-bin/becoming-immortal-through-getting-married-nov-1998792937/cchapter-4-first-level-intermediate-alchemist,65efbb58eb6e829adc4a104c,65f1a58105857ee1118a3280
4,Chapter 5: Get Rich,https://novel-bin.net/novel-bin/becoming-immortal-through-getting-married-nov-1998792937/cchapter-5-get-rich,65efbb58eb6e829adc4a104c,65f1a58505857ee1118a3281
5,Chapter 6: Late Night Attack,https://novel-bin.net/novel-bin/becoming-immortal-through-getting-married-nov-1998792937/cchapter-6-late-night-attack,65efbb58eb6e829adc4a104c,65f1a58a05857ee1118a3282
6,Chapter 7 - 7 : Leave No One Alive,https://novel-bin.net/novel-bin/becoming-immortal-through-getting-married-nov-1998792937/cchapter-7-7-leave-no-one-alive,65efbb58eb6e829adc4a104c,65f1a58d05857ee1118a3283
7,Chapter 8: Emotion Severing Pill Pill Recipe,https://novel-bin.net/novel-bin/becoming-immortal-through-getting-married-nov-1998792937/cchapter-8-emotion-severing-pill-pill-recipe,65efbb58eb6e829adc4a104c,65f1a59105857ee1118a3284
8,Chapter 9: Ordinary Days,https://novel-bin.net/novel-bin/becoming-immortal-through-getting-married-nov-1998792937/cchapter-9-ordinary-days,65efbb58eb6e829adc4a104c,65f1a59505857ee1118a3285
9,Chapter 10: Please Save My Father,https://novel-bin.net/novel-bin/becoming-immortal-through-getting-married-nov-1998792937/cchapter-10-please-save-my-father,65efbb58eb6e829adc4a104c,65f1a59805857ee1118a3286
10,Chapter 11: The Pattern of a Little Wife,https://novel-bin.net/novel-bin/becoming-immortal-through-getting-married-nov-1998792937/cchapter-11-the-pattern-of-a-little-wife,65efbb58eb6e829adc4a104c,65f1a59c05857ee1118a3287
11,Chapter 12: Desperate,https://novel-bin.net/novel-bin/becoming-immortal-through-getting-married-nov-1998792937/cchapter-12-desperate,65efbb58eb6e829adc4a104c,65f1a5a005857ee1118a3288
12,Chapter 13: New Partner,https://novel-bin.net/novel-bin/becoming-immortal-through-getting-married-nov-1998792937/cchapter-13-new-partner,65efbb58eb6e829adc4a104c,65f1a5a305857ee1118a3289
13,Chapter 14: Wedding Night,https://novel-bin.net/novel-bin/becoming-immortal-through-getting-married-nov-1998792937/cchapter-14-wedding-night,65efbb58eb6e829adc4a104c,65f1a5a705857ee1118a328a
14,Chapter 15: No Peace,https://novel-bin.net/novel-bin/becoming-immortal-through-getting-married-nov-1998792937/cchapter-15-no-peace,65efbb58eb6e829adc4a104c,65f1a5ab05857ee1118a328b
15,Chapter 16: Decision to Move,https://novel-bin.net/novel-bin/becoming-immortal-through-getting-married-nov-1998792937/cchapter-16-decision-to-move,65efbb58eb6e829adc4a104c,65f1a5af05857ee1118a328c
16,Chapter 17: Targeted,https://novel-bin.net/novel-bin/becoming-immortal-through-getting-married-nov-1998792937/cchapter-17-targeted,65efbb58eb6e829adc4a104c,65f1a5b205857ee1118a328d
17,Chapter 18: Completed in One Night,https://novel-bin.net/novel-bin/becoming-immortal-through-getting-married-nov-1998792937/cchapter-18-completed-in-one-night,65efbb58eb6e829adc4a104c,65f1a5b605857ee1118a328e
18,Chapter 19: Unfriendly Female Neighbor,https://novel-bin.net/novel-bin/becoming-immortal-through-getting-married-nov-1998792937/cchapter-19-unfriendly-female-neighbor,65efbb58eb6e829adc4a104c,65f1a5ba05857ee1118a328f
19,Chapter 20: Attacked Halfway,https://novel-bin.net/novel-bin/becoming-immortal-through-getting-married-nov-1998792937/cchapter-20-attacked-halfway,65efbb58eb6e829adc4a104c,65f1a5be05857ee1118a3290
20,Chapter 21: Sandpiper and Clam Fighting,https://novel-bin.net/novel-bin/becoming-immortal-through-getting-married-nov-1998792937/cchapter-21-sandpiper-and-clam-fighting,65efbb58eb6e829adc4a104c,65f1a5c105857ee1118a3291
21,Chapter 22: Explosion Is an Art,https://novel-bin.net/novel-bin/becoming-immortal-through-getting-married-nov-1998792937/cchapter-22-explosion-is-an-art,65efbb58eb6e829adc4a104c,65f1a5c505857ee1118a3292
22,Chapter 23: New Home,https://novel-bin.net/novel-bin/becoming-immortal-through-getting-married-nov-1998792937/cchapter-23-new-home,65efbb58eb6e829adc4a104c,65f1a5c905857ee1118a3293
23,Chapter 24: Investigation,https://novel-bin.net/novel-bin/becoming-immortal-through-getting-married-nov-1998792937/cchapter-24-investigation,65efbb58eb6e829adc4a104c,65f1a5cd05857ee1118a3294
24,Chapter 25: Otaku Neighbor,https://novel-bin.net/novel-bin/becoming-immortal-through-getting-married-nov-1998792937/cchapter-25-otaku-neighbor,65efbb58eb6e829adc4a104c,65f1a5d005857ee1118a3295
25,Chapter 26: Charmed,https://novel-bin.net/novel-bin/becoming-immortal-through-getting-married-nov-1998792937/cchapter-26-charmed,65efbb58eb6e829adc4a104c,65f1a5d405857ee1118a3296
26,Chapter 27: Daughter,https://novel-bin.net/novel-bin/becoming-immortal-through-getting-married-nov-1998792937/cchapter-27-daughter,65efbb58eb6e829adc4a104c,65f1a5d805857ee1118a3297
27,Chapter 28: Cleaning Up the Undercover,https://novel-bin.net/novel-bin/becoming-immortal-through-getting-married-nov-1998792937/cchapter-28-cleaning-up-the-undercover,65efbb58eb6e829adc4a104c,65f1a5db05857ee1118a3298
28,Chapter 29: Life and Death,https://novel-bin.net/novel-bin/becoming-immortal-through-getting-married-nov-1998792937/cchapter-29-life-and-death,65efbb58eb6e829adc4a104c,65f1a5df05857ee1118a3299
29,Chapter 30: Using the same trick,https://novel-bin.net/novel-bin/becoming-immortal-through-getting-married-nov-1998792937/cchapter-30-using-the-same-trick,65efbb58eb6e829adc4a104c,65f1a5e305857ee1118a329a
30,Chapter 31: Explosive Spell,https://novel-bin.net/novel-bin/becoming-immortal-through-getting-married-nov-1998792937/cchapter-31-explosive-spell,65efbb58eb6e829adc4a104c,65f1a5e605857ee1118a329b
31,Chapter 32: Birth,https://novel-bin.net/novel-bin/becoming-immortal-through-getting-married-nov-1998792937/cchapter-32-birth,65efbb58eb6e829adc4a104c,65f1a5ea05857ee1118a329c
32,Chapter 33: A Daughter,https://novel-bin.net/novel-bin/becoming-immortal-through-getting-married-nov-1998792937/cchapter-33-a-daughter,65efbb58eb6e829adc4a104c,65f1a5ee05857ee1118a329d
33,Chapter 34: Daily Life,https://novel-bin.net/novel-bin/becoming-immortal-through-getting-married-nov-1998792937/cchapter-34-daily-life,65efbb58eb6e829adc4a104c,65f1a5f205857ee1118a329e
34,Chapter 35: Leave No One Alive,https://novel-bin.net/novel-bin/becoming-immortal-through-getting-married-nov-1998792937/cchapter-35-leave-no-one-alive,65efbb58eb6e829adc4a104c,65f1a5f505857ee1118a329f
35,Chapter 36: Easy,https://novel-bin.net/novel-bin/becoming-immortal-through-getting-married-nov-1998792937/cchapter-36-easy,65efbb58eb6e829adc4a104c,65f1a5f905857ee1118a32a0
36,Chapter 37: Assist,https://novel-bin.net/novel-bin/becoming-immortal-through-getting-married-nov-1998792937/cchapter-37-assist,65efbb58eb6e829adc4a104c,65f1a5fd05857ee1118a32a1
37,Chapter 38: Enemy Attack,https://novel-bin.net/novel-bin/becoming-immortal-through-getting-married-nov-1998792937/cchapter-38-enemy-attack,65efbb58eb6e829adc4a104c,65f1a60105857ee1118a32a2
38,Chapter 39: All-out War,https://novel-bin.net/novel-bin/becoming-immortal-through-getting-married-nov-1998792937/cchapter-39-all-out-war,65efbb58eb6e829adc4a104c,65f1a60405857ee1118a32a3
39,Chapter 40: No One Loses,https://novel-bin.net/novel-bin/becoming-immortal-through-getting-married-nov-1998792937/cchapter-40-no-one-loses,65efbb58eb6e829adc4a104c,65f1a60805857ee1118a32a4
40,Chapter 41 The Right Cultivation Method,https://novel-bin.net/novel-bin/becoming-immortal-through-getting-married-nov-1998792937/chapter-41-the-right-cultivation-method,65efbb58eb6e829adc4a104c,65f1a60c05857ee1118a32a5
41,Chapter 42 Something to Discuss About,https://novel-bin.net/novel-bin/becoming-immortal-through-getting-married-nov-1998792937/chapter-42-something-to-discuss-about,65efbb58eb6e829adc4a104c,65f1a61005857ee1118a32a6
42,Chapter 43 Pulling Each Other,https://novel-bin.net/novel-bin/becoming-immortal-through-getting-married-nov-1998792937/chapter-43-pulling-each-other,65efbb58eb6e829adc4a104c,65f1a61305857ee1118a32a7
43,Chapter 44 Severely Injured,https://novel-bin.net/novel-bin/becoming-immortal-through-getting-married-nov-1998792937/chapter-44-severely-injured,65efbb58eb6e829adc4a104c,65f1a61705857ee1118a32a8
44,Chapter 45 Being Honest,https://novel-bin.net/novel-bin/becoming-immortal-through-getting-married-nov-1998792937/chapter-45-being-honest,65efbb58eb6e829adc4a104c,65f1a61b05857ee1118a32a9
45,Chapter 46 - 46: Planning as Soon as Possible,https://novel-bin.net/novel-bin/becoming-immortal-through-getting-married-nov-1998792937/cchapter-46-46-planning-as-soon-as-possible,65efbb58eb6e829adc4a104c,65f1a61e05857ee1118a32aa
46,Chapter 47 - 47: Home of Five,https://novel-bin.net/novel-bin/becoming-immortal-through-getting-married-nov-1998792937/cchapter-47-47-home-of-five,65efbb58eb6e829adc4a104c,65f1a62205857ee1118a32ab
47,Chapter 48 - 48: Kill,https://novel-bin.net/novel-bin/becoming-immortal-through-getting-married-nov-1998792937/cchapter-48-48-kill,65efbb58eb6e829adc4a104c,65f1a62605857ee1118a32ac
48,Chapter 49 - 49: Breaking Through to the Late-stage Qi Refinement Realm,https://novel-bin.net/novel-bin/becoming-immortal-through-getting-married-nov-1998792937/cchapter-49-49-breaking-through-to-the-late-stage-qi-refinement-realm,65efbb58eb6e829adc4a104c,65f1a62a05857ee1118a32ad
49,Chapter 50 - 50: The Situation Is Getting Graver,https://novel-bin.net/novel-bin/becoming-immortal-through-getting-married-nov-1998792937/cchapter-50-50-the-situation-is-getting-graver,65efbb58eb6e829adc4a104c,65f1a62d05857ee1118a32ae
50,Chapter 51 - 51: Again and Again,https://novel-bin.net/novel-bin/becoming-immortal-through-getting-married-nov-1998792937/cchapter-51-51-again-and-again,65efbb58eb6e829adc4a104c,65f1a63105857ee1118a32af
51,Chapter 52 - 52: Wen Zhiyun is Pregnant,https://novel-bin.net/novel-bin/becoming-immortal-through-getting-married-nov-1998792937/cchapter-52-52-wen-zhiyun-is-pregnant,65efbb58eb6e829adc4a104c,65f1a63505857ee1118a32b0
52,Chapter 53 - 53: Aptitude Improvement,https://novel-bin.net/novel-bin/becoming-immortal-through-getting-married-nov-1998792937/cchapter-53-53-aptitude-improvement,65efbb58eb6e829adc4a104c,65f1a63805857ee1118a32b1
53,Chapter 54 - 54: Widow Neighbor,https://novel-bin.net/novel-bin/becoming-immortal-through-getting-married-nov-1998792937/cchapter-54-54-widow-neighbor,65efbb58eb6e829adc4a104c,65f1a63c05857ee1118a32b2
54,Chapter 55 - 55: Different Practices,https://novel-bin.net/novel-bin/becoming-immortal-through-getting-married-nov-1998792937/cchapter-55-55-different-practices,65efbb58eb6e829adc4a104c,65f1a64005857ee1118a32b3
55,Chapter 56 - 56: Femme Fatale,https://novel-bin.net/novel-bin/becoming-immortal-through-getting-married-nov-1998792937/cchapter-56-56-femme-fatale,65efbb58eb6e829adc4a104c,65f1a64405857ee1118a32b4
56,Chapter 57 Female Cultivator of the Treasure Pavilion,https://novel-bin.net/novel-bin/becoming-immortal-through-getting-married-nov-1998792937/chapter-57-female-cultivator-of-the-treasure-pavilion,65efbb58eb6e829adc4a104c,65f1a64705857ee1118a32b5
57,Chapter 58 Master-level Goldfinger,https://novel-bin.net/novel-bin/becoming-immortal-through-getting-married-nov-1998792937/chapter-58-master-level-goldfinger,65efbb58eb6e829adc4a104c,65f1a64b05857ee1118a32b6
58,Chapter 59 Remembered,https://novel-bin.net/novel-bin/becoming-immortal-through-getting-married-nov-1998792937/chapter-59-remembered-1697902370981,65efbb58eb6e829adc4a104c,65f1a64f05857ee1118a32b7
59,Chapter 60 - 60: Late Night Visit,https://novel-bin.net/novel-bin/becoming-immortal-through-getting-married-nov-1998792937/chapter-60-60-late-night-visit,65efbb58eb6e829adc4a104c,65f1a65205857ee1118a32b8
60,Chapter 61 - 61: Wishes,https://novel-bin.net/novel-bin/becoming-immortal-through-getting-married-nov-1998792937/cchapter-61-61-wishes,65efbb58eb6e829adc4a104c,65f1a65605857ee1118a32b9
61,Chapter 62 - 62: Reward,https://novel-bin.net/novel-bin/becoming-immortal-through-getting-married-nov-1998792937/cchapter-62-62-reward,65efbb58eb6e829adc4a104c,65f1a65a05857ee1118a32ba
62,Chapter 63 - 63: Visit Again,https://novel-bin.net/novel-bin/becoming-immortal-through-getting-married-nov-1998792937/cchapter-63-63-visit-again,65efbb58eb6e829adc4a104c,65f1a65d05857ee1118a32bb
63,Chapter 64 - 64: Ending Future Troubles,https://novel-bin.net/novel-bin/becoming-immortal-through-getting-married-nov-1998792937/cchapter-64-64-ending-future-troubles,65efbb58eb6e829adc4a104c,65f1a66105857ee1118a32bc
64,Chapter 65 - 65: The Difference Between Immortals and Mortals,https://novel-bin.net/novel-bin/becoming-immortal-through-getting-married-nov-1998792937/cchapter-65-65-the-difference-between-immortals-and-mortals,65efbb58eb6e829adc4a104c,65f1a66505857ee1118a32bd
65,Chapter 66 - 66: Mortals Are Tragic,https://novel-bin.net/novel-bin/becoming-immortal-through-getting-married-nov-1998792937/cchapter-66-66-mortals-are-tragic,65efbb58eb6e829adc4a104c,65f1a66905857ee1118a32be
66,Chapter 67 - 67: Mortal Cultivation Technique,https://novel-bin.net/novel-bin/becoming-immortal-through-getting-married-nov-1998792937/chapter-67-67-mortal-cultivation-technique,65efbb58eb6e829adc4a104c,65f1a66c05857ee1118a32bf
67,Chapter 68 - 68: Arrival of the Law Enforcement Hall,https://novel-bin.net/novel-bin/becoming-immortal-through-getting-married-nov-1998792937/chapter-68-68-arrival-of-the-law-enforcement-hall,65efbb58eb6e829adc4a104c,65f1a67005857ee1118a32c0
68,Chapter 69 - 69: Pursuer from Back Then,https://novel-bin.net/novel-bin/becoming-immortal-through-getting-married-nov-1998792937/chapter-69-69-pursuer-from-back-then,65efbb58eb6e829adc4a104c,65f1a67405857ee1118a32c1
69,Chapter 70 - 70: Second-Level Alchemist,https://novel-bin.net/novel-bin/becoming-immortal-through-getting-married-nov-1998792937/chapter-70-70-second-level-alchemist,65efbb58eb6e829adc4a104c,65f1a67805857ee1118a32c2
70,Chapter 71 - 71: Punishing Evil and Promoting Good,https://novel-bin.net/novel-bin/becoming-immortal-through-getting-married-nov-1998792937/chapter-71-71-punishing-evil-and-promoting-good,65efbb58eb6e829adc4a104c,65f1a67b05857ee1118a32c3
71,Chapter 72 - 72: Hating Evil,https://novel-bin.net/novel-bin/becoming-immortal-through-getting-married-nov-1998792937/chapter-72-72-hating-evil,65efbb58eb6e829adc4a104c,65f1a67f05857ee1118a32c4
72,Chapter 73 - 73: One Sword for One Person,https://novel-bin.net/novel-bin/becoming-immortal-through-getting-married-nov-1998792937/chapter-73-73-one-sword-for-one-person,65efbb58eb6e829adc4a104c,65f1a68305857ee1118a32c5
73,Chapter 74 - 74: Getting to Know Each Other,https://novel-bin.net/novel-bin/becoming-immortal-through-getting-married-nov-1998792937/chapter-74-74-getting-to-know-each-other,65efbb58eb6e829adc4a104c,65f1a68705857ee1118a32c6
74,Chapter 75 - 75: Test,https://novel-bin.net/novel-bin/becoming-immortal-through-getting-married-nov-1998792937/chapter-75-75-test,65efbb58eb6e829adc4a104c,65f1a68a05857ee1118a32c7
75,Chapter 76 - 76: Bamboo Leaf Sect Master,https://novel-bin.net/novel-bin/becoming-immortal-through-getting-married-nov-1998792937/chapter-76-76-bamboo-leaf-sect-master,65efbb58eb6e829adc4a104c,65f1a68e05857ee1118a32c8
76,Chapter 77 - 77: Internal Strife in the Golden Core (1/3),https://novel-bin.net/novel-bin/becoming-immortal-through-getting-married-nov-1998792937/chapter-77-77-internal-strife-in-the-golden-core-13,65efbb58eb6e829adc4a104c,65f1a69205857ee1118a32c9
77,Chapter 78 - 78: Top-grade Foundation Establishment Pill,https://novel-bin.net/novel-bin/becoming-immortal-through-getting-married-nov-1998792937/chapter-78-78-top-grade-foundation-establishment-pill,65efbb58eb6e829adc4a104c,65f1a69605857ee1118a32ca
78,Chapter 79 - 79: Achieving Foundation Establishment,https://novel-bin.net/novel-bin/becoming-immortal-through-getting-married-nov-1998792937/chapter-79-79-achieving-foundation-establishment,65efbb58eb6e829adc4a104c,65f1a69905857ee1118a32cb
79,Chapter 80 - 80: Reward for 5 Stars of Relationship Level (1/3),https://novel-bin.net/novel-bin/becoming-immortal-through-getting-married-nov-1998792937/chapter-80-80-reward-for-5-stars-of-relationship-level-13,65efbb58eb6e829adc4a104c,65f1a69d05857ee1118a32cc
80,Chapter 81 - 81: Divine Consciousness Breakthrough,https://novel-bin.net/novel-bin/becoming-immortal-through-getting-married-nov-1998792937/chapter-81-81-divine-consciousness-breakthrough,65efbb58eb6e829adc4a104c,65f1a6a105857ee1118a32cd
81,Chapter 82 - 82: Tears of Joy,https://novel-bin.net/novel-bin/becoming-immortal-through-getting-married-nov-1998792937/chapter-82-82-tears-of-joy,65efbb58eb6e829adc4a104c,65f1a6a405857ee1118a32ce
82,Chapter 83 - 83: Day of Results,https://novel-bin.net/novel-bin/becoming-immortal-through-getting-married-nov-1998792937/chapter-83-83-day-of-results,65efbb58eb6e829adc4a104c,65f1a6a805857ee1118a32cf
83,Chapter 84 - 84: Disappearing,https://novel-bin.net/novel-bin/becoming-immortal-through-getting-married-nov-1998792937/chapter-84-84-disappearing,65efbb58eb6e829adc4a104c,65f1a6ac05857ee1118a32d0
84,Chapter 85 - 85: No Longer Forbearance,https://novel-bin.net/novel-bin/becoming-immortal-through-getting-married-nov-1998792937/chapter-85-85-no-longer-forbearance,65efbb58eb6e829adc4a104c,65f1a6b005857ee1118a32d1
85,Chapter 86 - 86: Unfounded Crime,https://novel-bin.net/novel-bin/becoming-immortal-through-getting-married-nov-1998792937/chapter-86-86-unfounded-crime,65efbb58eb6e829adc4a104c,65f1a6b305857ee1118a32d2
86,Chapter 87 - 87: Leave None Alive,https://novel-bin.net/novel-bin/becoming-immortal-through-getting-married-nov-1998792937/chapter-87-87-leave-none-alive,65efbb58eb6e829adc4a104c,65f1a6b705857ee1118a32d3
87,Chapter 88 - 88: Going All the Way,https://novel-bin.net/novel-bin/becoming-immortal-through-getting-married-nov-1998792937/chapter-88-88-going-all-the-way,65efbb58eb6e829adc4a104c,65f1a6bb05857ee1118a32d4
88,Chapter 89 - 89: Huge Harvest,https://novel-bin.net/novel-bin/becoming-immortal-through-getting-married-nov-1998792937/chapter-89-89-huge-harvest,65efbb58eb6e829adc4a104c,65f1a6be05857ee1118a32d5
89,Chapter 90 - 90: Encounter,https://novel-bin.net/novel-bin/becoming-immortal-through-getting-married-nov-1998792937/chapter-90-90-encounter,65efbb58eb6e829adc4a104c,65f1a6c205857ee1118a32d6
90,Chapter 91 - 91: Annihilation,https://novel-bin.net/novel-bin/becoming-immortal-through-getting-married-nov-1998792937/chapter-91-91-annihilation,65efbb58eb6e829adc4a104c,65f1a6c605857ee1118a32d7
91,Chapter 92 - 92: Earth and Wood Cultivator (1/3),https://novel-bin.net/novel-bin/becoming-immortal-through-getting-married-nov-1998792937/chapter-92-92-earth-and-wood-cultivator-13,65efbb58eb6e829adc4a104c,65f1a6ca05857ee1118a32d8
92,Chapter 93 - 93: Killing Across Level,https://novel-bin.net/novel-bin/becoming-immortal-through-getting-married-nov-1998792937/chapter-93-93-killing-across-level,65efbb58eb6e829adc4a104c,65f1a6cd05857ee1118a32d9
93,Chapter 94 - 94: Counting the Harvest,https://novel-bin.net/novel-bin/becoming-immortal-through-getting-married-nov-1998792937/chapter-94-94-counting-the-harvest,65efbb58eb6e829adc4a104c,65f1a6d105857ee1118a32da
94,Chapter 95 - 95: Attack of the Black Iron Manor,https://novel-bin.net/novel-bin/becoming-immortal-through-getting-married-nov-1998792937/chapter-95-95-attack-of-the-black-iron-manor,65efbb58eb6e829adc4a104c,65f1a6d505857ee1118a32db
95,Chapter 96 - 96: A Hundred-meter Penetration,https://novel-bin.net/novel-bin/becoming-immortal-through-getting-married-nov-1998792937/chapter-96-96-a-hundred-meter-penetration,65efbb58eb6e829adc4a104c,65f1a6d805857ee1118a32dc
96,Chapter 97 - 97: Meeting Shen Qingyi Again,https://novel-bin.net/novel-bin/becoming-immortal-through-getting-married-nov-1998792937/chapter-97-97-meeting-shen-qingyi-again,65efbb58eb6e829adc4a104c,65f1a6dc05857ee1118a32dd
97,Chapter 98 - 98: There’s Demonic Qi Here,https://novel-bin.net/novel-bin/becoming-immortal-through-getting-married-nov-1998792937/chapter-98-98-theres-demonic-qi-here,65efbb58eb6e829adc4a104c,65f1a6e005857ee1118a32de
98,Chapter 99 - 99: Sequoia Forest,https://novel-bin.net/novel-bin/becoming-immortal-through-getting-married-nov-1998792937/chapter-99-99-sequoia-forest,65efbb58eb6e829adc4a104c,65f1a6e405857ee1118a32df
99,Chapter 100 - 100: Inquiry (3/3),https://novel-bin.net/novel-bin/becoming-immortal-through-getting-married-nov-1998792937/chapter-100-100-inquiry-33,65efbb58eb6e829adc4a104c,65f1a6e805857ee1118a32e0
100,Chapter 101 - 101: Daughter’s Attributes (1/3),https://novel-bin.net/novel-bin/becoming-immortal-through-getting-married-nov-1998792937/chapter-101-101-daughters-attributes-13,65efbb58eb6e829adc4a104c,65f1a6eb05857ee1118a32e1
101,Chapter 102 - 102: Deal Completed,https://novel-bin.net/novel-bin/becoming-immortal-through-getting-married-nov-1998792937/chapter-102-102-deal-completed,65efbb58eb6e829adc4a104c,65f1a6ef05857ee1118a32e2
102,Chapter 103 - 103: Shen Qingyi’s Arrival,https://novel-bin.net/novel-bin/becoming-immortal-through-getting-married-nov-1998792937/chapter-103-103-shen-qingyis-arrival,65efbb58eb6e829adc4a104c,65f1a6f305857ee1118a32e3
103,Chapter 104 - 104: Crazy Knocking on the Door,https://novel-bin.net/novel-bin/becoming-immortal-through-getting-married-nov-1998792937/chapter-104-104-crazy-knocking-on-the-door,65efbb58eb6e829adc4a104c,65f1a6f605857ee1118a32e4
104,Chapter 105 - 105: Difference Between the Two Regions,https://novel-bin.net/novel-bin/becoming-immortal-through-getting-married-nov-1998792937/chapter-105-105-difference-between-the-two-regions,65efbb58eb6e829adc4a104c,65f1a6fa05857ee1118a32e5
105,Chapter 106 - 106: Going to the Market,https://novel-bin.net/novel-bin/becoming-immortal-through-getting-married-nov-1998792937/chapter-106-106-going-to-the-market,65efbb58eb6e829adc4a104c,65f1a6fe05857ee1118a32e6
106,Chapter 107 - 107: Sword Flight Technique,https://novel-bin.net/novel-bin/becoming-immortal-through-getting-married-nov-1998792937/chapter-107-107-sword-flight-technique,65efbb58eb6e829adc4a104c,65f1a70105857ee1118a32e7
107,Chapter 108 - 108: Planning Ahead,https://novel-bin.net/novel-bin/becoming-immortal-through-getting-married-nov-1998792937/chapter-108-108-planning-ahead,65efbb58eb6e829adc4a104c,65f1a70505857ee1118a32e8
108,Chapter 109 - 109: Demon Invasion,https://novel-bin.net/novel-bin/becoming-immortal-through-getting-married-nov-1998792937/chapter-109-109-demon-invasion,65efbb58eb6e829adc4a104c,65f1a70905857ee1118a32e9
109,Chapter 110 - 110: Demon Invasion (2/2),https://novel-bin.net/novel-bin/becoming-immortal-through-getting-married-nov-1998792937/chapter-110-110-demon-invasion-22,65efbb58eb6e829adc4a104c,65f1a70d05857ee1118a32ea
110,Chapter 111 - 111: Shen Qingyi Shows Her Cards,https://novel-bin.net/novel-bin/becoming-immortal-through-getting-married-nov-1998792937/chapter-111-111-shen-qingyi-shows-her-cards,65efbb58eb6e829adc4a104c,65f1a71005857ee1118a32eb
111,Chapter 112 - 112: Shen Qingyi Thought It Through,https://novel-bin.net/novel-bin/becoming-immortal-through-getting-married-nov-1998792937/chapter-112-112-shen-qingyi-thought-it-through,65efbb58eb6e829adc4a104c,65f1a71405857ee1118a32ec
112,Chapter 113 - 113: Shen Qingyi Has Thought It Through (2),https://novel-bin.net/novel-bin/becoming-immortal-through-getting-married-nov-1998792937/chapter-113-113-shen-qingyi-has-thought-it-through-2,65efbb58eb6e829adc4a104c,65f1a71805857ee1118a32ed
113,Chapter 114 - 114: Shen Qingyi’s Attributes (1/2),https://novel-bin.net/novel-bin/becoming-immortal-through-getting-married-nov-1998792937/chapter-114-114-shen-qingyis-attributes-12,65efbb58eb6e829adc4a104c,65f1a71c05857ee1118a32ee
114,Chapter 115 - 115: Another Bamboo Leaf Gang,https://novel-bin.net/novel-bin/becoming-immortal-through-getting-married-nov-1998792937/chapter-115-115-another-bamboo-leaf-gang,65efbb58eb6e829adc4a104c,65f1a71f05857ee1118a32ef
115,Chapter 116 - 116: Wen Zhiyun’s Child,https://novel-bin.net/novel-bin/becoming-immortal-through-getting-married-nov-1998792937/chapter-116-116-wen-zhiyuns-child,65efbb58eb6e829adc4a104c,65f1a72305857ee1118a32f0
116,Chapter 117 - 117: Wen Zhiyun’s Child (2),https://novel-bin.net/novel-bin/becoming-immortal-through-getting-married-nov-1998792937/chapter-117-117-wen-zhiyuns-child-2,65efbb58eb6e829adc4a104c,65f1a72705857ee1118a32f1
117,Chapter 118 - 118: Wen Zhiyun’s Child (3),https://novel-bin.net/novel-bin/becoming-immortal-through-getting-married-nov-1998792937/chapter-118-118-wen-zhiyuns-child-3,65efbb58eb6e829adc4a104c,65f1a72b05857ee1118a32f2
118,Chapter 119 - 119: Shen Qingyi Is Angry,https://novel-bin.net/novel-bin/becoming-immortal-through-getting-married-nov-1998792937/chapter-119-119-shen-qingyi-is-angry,65efbb58eb6e829adc4a104c,65f1a72e05857ee1118a32f3
119,Chapter 120 - 120: Shen Qingyi Is Angry,https://novel-bin.net/novel-bin/becoming-immortal-through-getting-married-nov-1998792937/chapter-120-120-shen-qingyi-is-angry,65efbb58eb6e829adc4a104c,65f1a73205857ee1118a32f4
120,Chapter 121 - 121: Masked Heroine,https://novel-bin.net/novel-bin/becoming-immortal-through-getting-married-nov-1998792937/chapter-121-121-masked-heroine,65efbb58eb6e829adc4a104c,65f1a73605857ee1118a32f5
121,Chapter 122 - 122: Shen Qingyi’s Change,https://novel-bin.net/novel-bin/becoming-immortal-through-getting-married-nov-1998792937/chapter-122-122-shen-qingyis-change,65efbb58eb6e829adc4a104c,65f1a73a05857ee1118a32f6
122,Chapter 123 - 123: Wen Zhiyun Is About to Give Birth,https://novel-bin.net/novel-bin/becoming-immortal-through-getting-married-nov-1998792937/chapter-123-123-wen-zhiyun-is-about-to-give-birth,65efbb58eb6e829adc4a104c,65f1a73d05857ee1118a32f7
123,Chapter 124 - 124: Wen Zhiyun Is About to Give Birth (2),https://novel-bin.net/novel-bin/becoming-immortal-through-getting-married-nov-1998792937/chapter-124-124-wen-zhiyun-is-about-to-give-birth-2,65efbb58eb6e829adc4a104c,65f1a74105857ee1118a32f8
124,Chapter 125 - 125: Second Daughter’s Special Constitution (2/2),https://novel-bin.net/novel-bin/becoming-immortal-through-getting-married-nov-1998792937/chapter-125-125-second-daughters-special-constitution-22,65efbb58eb6e829adc4a104c,65f1a74505857ee1118a32f9
125,Chapter 126 - 126: Changing Song Huaying’s Bloodline,https://novel-bin.net/novel-bin/becoming-immortal-through-getting-married-nov-1998792937/chapter-126-126-changing-song-huayings-bloodline,65efbb58eb6e829adc4a104c,65f1a74805857ee1118a32fa
126,Chapter 127 - 127: Changing Song Huaying’s Bloodline (2),https://novel-bin.net/novel-bin/becoming-immortal-through-getting-married-nov-1998792937/chapter-127-127-changing-song-huayings-bloodline-2,65efbb58eb6e829adc4a104c,65f1a74c05857ee1118a32fb
127,Chapter 128 - 128: Ancient Bloodline,https://novel-bin.net/novel-bin/becoming-immortal-through-getting-married-nov-1998792937/chapter-128-128-ancient-bloodline,65efbb58eb6e829adc4a104c,65f1a75005857ee1118a32fc
128,Chapter 129 - 129: Shen Qingyi’s Hatred,https://novel-bin.net/novel-bin/becoming-immortal-through-getting-married-nov-1998792937/chapter-129-129-shen-qingyis-hatred,65efbb58eb6e829adc4a104c,65f1a75405857ee1118a32fd
129,Chapter 130 - 130: Shen Qingyi’s Hatred (2),https://novel-bin.net/novel-bin/becoming-immortal-through-getting-married-nov-1998792937/chapter-130-130-shen-qingyis-hatred-2,65efbb58eb6e829adc4a104c,65f1a75705857ee1118a32fe
130,Chapter 131 - 131: Shen Qingyi’s Hatred (3),https://novel-bin.net/novel-bin/becoming-immortal-through-getting-married-nov-1998792937/chapter-131-131-shen-qingyis-hatred-3,65efbb58eb6e829adc4a104c,65f1a75b05857ee1118a32ff
131,Chapter 132 - 132: Punishing Evil,https://novel-bin.net/novel-bin/becoming-immortal-through-getting-married-nov-1998792937/chapter-132-132-punishing-evil,65efbb58eb6e829adc4a104c,65f1a75f05857ee1118a3300
132,Chapter 133 - 133: Killing Steward Gao,https://novel-bin.net/novel-bin/becoming-immortal-through-getting-married-nov-1998792937/chapter-133-133-killing-steward-gao,65efbb58eb6e829adc4a104c,65f1a76305857ee1118a3301
133,Chapter 134 - 134: The Heaven-Defying Second Daughter,https://novel-bin.net/novel-bin/becoming-immortal-through-getting-married-nov-1998792937/chapter-134-134-the-heaven-defying-second-daughter,65efbb58eb6e829adc4a104c,65f1a76705857ee1118a3302
134,Chapter 135 - 135: Monsters From The Sky,https://novel-bin.net/novel-bin/becoming-immortal-through-getting-married-nov-1998792937/chapter-135-135-monsters-from-the-sky,65efbb58eb6e829adc4a104c,65f1a76a05857ee1118a3303
135,Chapter 136 - 136: Nine-Tailed Fox,https://novel-bin.net/novel-bin/becoming-immortal-through-getting-married-nov-1998792937/chapter-136-136-nine-tailed-fox,65efbb58eb6e829adc4a104c,65f1a76e05857ee1118a3304
136,Chapter 137 - 137: Nine-Tailed Fox (2),https://novel-bin.net/novel-bin/becoming-immortal-through-getting-married-nov-1998792937/chapter-137-137-nine-tailed-fox-2,65efbb58eb6e829adc4a104c,65f1a77205857ee1118a3305
137,Chapter 138 - 138: Nine-Tailed Fox (3),https://novel-bin.net/novel-bin/becoming-immortal-through-getting-married-nov-1998792937/chapter-138-138-nine-tailed-fox-3,65efbb58eb6e829adc4a104c,65f1a77505857ee1118a3306
138,Chapter 139 - 139: Escape from the Demonic Claw,https://novel-bin.net/novel-bin/becoming-immortal-through-getting-married-nov-1998792937/chapter-139-139-escape-from-the-demonic-claw,65efbb58eb6e829adc4a104c,65f1a77905857ee1118a3307
139,Chapter 140 - 140: Construction Achievement,https://novel-bin.net/novel-bin/becoming-immortal-through-getting-married-nov-1998792937/chapter-140-140-construction-achievement,65efbb58eb6e829adc4a104c,65f1a77d05857ee1118a3308
140,Chapter 141 - 141: Song Huaying’s Little Trick,https://novel-bin.net/novel-bin/becoming-immortal-through-getting-married-nov-1998792937/chapter-141-141-song-huayings-little-trick,65efbb58eb6e829adc4a104c,65f1a78005857ee1118a3309
141,Chapter 142 - 142: Happy Tunnel Life,https://novel-bin.net/novel-bin/becoming-immortal-through-getting-married-nov-1998792937/chapter-142-142-happy-tunnel-life,65efbb58eb6e829adc4a104c,65f1a78405857ee1118a330a
142,Chapter 143 - 143: Desperation! (2),https://novel-bin.net/novel-bin/becoming-immortal-through-getting-married-nov-1998792937/chapter-143-143-desperation-2,65efbb58eb6e829adc4a104c,65f1a78805857ee1118a330b
143,Chapter 144 - 144: Desperation! (2),https://novel-bin.net/novel-bin/becoming-immortal-through-getting-married-nov-1998792937/chapter-144-144-desperation-2,65efbb58eb6e829adc4a104c,65f1a78c05857ee1118a330c
144,Chapter 145 - 145: Annihilation!,https://novel-bin.net/novel-bin/becoming-immortal-through-getting-married-nov-1998792937/chapter-145-145-annihilation,65efbb58eb6e829adc4a104c,65f1a78f05857ee1118a330d
145,Chapter 146 - 146: Dominant Wood Spiritual Root (1/2),https://novel-bin.net/novel-bin/becoming-immortal-through-getting-married-nov-1998792937/chapter-146-146-dominant-wood-spiritual-root-12,65efbb58eb6e829adc4a104c,65f1a79305857ee1118a330e
146,Chapter 147 - 147: Blocked by the Fox Demon,https://novel-bin.net/novel-bin/becoming-immortal-through-getting-married-nov-1998792937/chapter-147-147-blocked-by-the-fox-demon,65efbb58eb6e829adc4a104c,65f1a79705857ee1118a330f
147,Chapter 148 - 148: Yaoyao,https://novel-bin.net/novel-bin/becoming-immortal-through-getting-married-nov-1998792937/chapter-148-148-yaoyao,65efbb58eb6e829adc4a104c,65f1a79a05857ee1118a3310
148,Chapter 149 - 149: Yaoyao,https://novel-bin.net/novel-bin/becoming-immortal-through-getting-married-nov-1998792937/chapter-149-149-yaoyao,65efbb58eb6e829adc4a104c,65f1a79e05857ee1118a3311
149,Chapter 150 - 150: Foundation Establishment Level 9 (2/2),https://novel-bin.net/novel-bin/becoming-immortal-through-getting-married-nov-1998792937/chapter-150-150-foundation-establishment-level-9-22,65efbb58eb6e829adc4a104c,65f1a7a205857ee1118a3312
150,Chapter 151 - 151: The Art of Sage,https://novel-bin.net/novel-bin/becoming-immortal-through-getting-married-nov-1998792937/chapter-151-151-the-art-of-sage,65efbb58eb6e829adc4a104c,65f1a7a505857ee1118a3313
151,Chapter 152 - 152: Exterminating the Crimson Fire Gang,https://novel-bin.net/novel-bin/becoming-immortal-through-getting-married-nov-1998792937/chapter-152-152-exterminating-the-crimson-fire-gang,65efbb58eb6e829adc4a104c,65f1a7a905857ee1118a3314
152,Chapter 153 - 153: Fox Demon! Despair! (1/2),https://novel-bin.net/novel-bin/becoming-immortal-through-getting-married-nov-1998792937/chapter-153-153-fox-demon-despair-12,65efbb58eb6e829adc4a104c,65f1a7ad05857ee1118a3315
153,Chapter 154 - 154: Fox Demon! Despair! (1/2) _ 3,https://novel-bin.net/novel-bin/becoming-immortal-through-getting-married-nov-1998792937/chapter-154-154-fox-demon-despair-12-3,65efbb58eb6e829adc4a104c,65f1a7b005857ee1118a3316
154,Chapter 155 - 155: Fox Demon! Despair! (1/2) _ 3,https://novel-bin.net/novel-bin/becoming-immortal-through-getting-married-nov-1998792937/chapter-155-155-fox-demon-despair-12-3,65efbb58eb6e829adc4a104c,65f1a7b405857ee1118a3317
155,Chapter 156 - 156: Application to Join the Heaven Earth Sect,https://novel-bin.net/novel-bin/becoming-immortal-through-getting-married-nov-1998792937/chapter-156-156-application-to-join-the-heaven-earth-sect,65efbb58eb6e829adc4a104c,65f1a7b805857ee1118a3318
156,Chapter 157 - 157: Application to Join the Heaven Earth Sect (2/2),https://novel-bin.net/novel-bin/becoming-immortal-through-getting-married-nov-1998792937/chapter-157-157-application-to-join-the-heaven-earth-sect-22,65efbb58eb6e829adc4a104c,65f1a7bc05857ee1118a3319
157,Chapter 158 - 158: Application to Join the Heaven Earth Sect (3),https://novel-bin.net/novel-bin/becoming-immortal-through-getting-married-nov-1998792937/chapter-158-158-application-to-join-the-heaven-earth-sect-3,65efbb58eb6e829adc4a104c,65f1a7bf05857ee1118a331a
158,Chapter 159 - 159: Deliberate Fist,https://novel-bin.net/novel-bin/becoming-immortal-through-getting-married-nov-1998792937/chapter-159-159-deliberate-fist,65efbb58eb6e829adc4a104c,65f1a7c305857ee1118a331b
159,Chapter 160 - 160: ’Deliberate Fist’ (2),https://novel-bin.net/novel-bin/becoming-immortal-through-getting-married-nov-1998792937/chapter-160-160-deliberate-fist-2,65efbb58eb6e829adc4a104c,65f1a7c705857ee1118a331c
160,Chapter 161 - 161: ‘Deliberate Fist1 (3),https://novel-bin.net/novel-bin/becoming-immortal-through-getting-married-nov-1998792937/chapter-161-161-deliberate-fist1-3,65efbb58eb6e829adc4a104c,65f1a7cb05857ee1118a331d
161,Chapter 162 - 162: Deliberate Fist,https://novel-bin.net/novel-bin/becoming-immortal-through-getting-married-nov-1998792937/chapter-162-162-deliberate-fist,65efbb58eb6e829adc4a104c,65f1a7ce05857ee1118a331e
162,Chapter 163 - 163: Shen Qingyi Wants to Give Birth,https://novel-bin.net/novel-bin/becoming-immortal-through-getting-married-nov-1998792937/chapter-163-163-shen-qingyi-wants-to-give-birth,65efbb58eb6e829adc4a104c,65f1a7d205857ee1118a331f
163,Chapter 164 - 164: Shen Qingyi Wants to Give Birth (2),https://novel-bin.net/novel-bin/becoming-immortal-through-getting-married-nov-1998792937/chapter-164-164-shen-qingyi-wants-to-give-birth-2,65efbb58eb6e829adc4a104c,65f1a7d605857ee1118a3320
164,Chapter 165 - 165: News of the Heaven Earth Sect,https://novel-bin.net/novel-bin/becoming-immortal-through-getting-married-nov-1998792937/chapter-165-165-news-of-the-heaven-earth-sect,65efbb58eb6e829adc4a104c,65f1a7d905857ee1118a3321
165,Chapter 166 - 166: News of the Heaven Earth Sect (2),https://novel-bin.net/novel-bin/becoming-immortal-through-getting-married-nov-1998792937/chapter-166-166-news-of-the-heaven-earth-sect-2,65efbb58eb6e829adc4a104c,65f1a7dd05857ee1118a3322
166,Chapter 167 - 167: News of the Heaven Earth Sect (3),https://novel-bin.net/novel-bin/becoming-immortal-through-getting-married-nov-1998792937/chapter-167-167-news-of-the-heaven-earth-sect-3,65efbb58eb6e829adc4a104c,65f1a7e105857ee1118a3323
167,Chapter 168 - 168: News of the Heaven Earth Sect (1/2),https://novel-bin.net/novel-bin/becoming-immortal-through-getting-married-nov-1998792937/chapter-168-168-news-of-the-heaven-earth-sect-12,65efbb58eb6e829adc4a104c,65f1a7e505857ee1118a3324
168,Chapter 169 - 169: Difficult Fox Demon,https://novel-bin.net/novel-bin/becoming-immortal-through-getting-married-nov-1998792937/chapter-169-169-difficult-fox-demon,65efbb58eb6e829adc4a104c,65f1a7e905857ee1118a3325
169,Chapter 170 - 170: Escape,https://novel-bin.net/novel-bin/becoming-immortal-through-getting-married-nov-1998792937/chapter-170-170-escape,65efbb58eb6e829adc4a104c,65f1a7ec05857ee1118a3326
170,Chapter 171 - 171: Escape,https://novel-bin.net/novel-bin/becoming-immortal-through-getting-married-nov-1998792937/chapter-171-171-escape,65efbb58eb6e829adc4a104c,65f1a7f005857ee1118a3327
171,Chapter 172 - 172: Tail Escape (3),https://novel-bin.net/novel-bin/becoming-immortal-through-getting-married-nov-1998792937/chapter-172-172-tail-escape-3,65efbb58eb6e829adc4a104c,65f1a7f405857ee1118a3328
172,Chapter 173 - 173: One Punch Man,https://novel-bin.net/novel-bin/becoming-immortal-through-getting-married-nov-1998792937/chapter-173-173-one-punch-man,65efbb58eb6e829adc4a104c,65f1a7f705857ee1118a3329
173,Chapter 174 - 174: Failure,https://novel-bin.net/novel-bin/becoming-immortal-through-getting-married-nov-1998792937/chapter-174-174-failure,65efbb58eb6e829adc4a104c,65f1a7fb05857ee1118a332a
174,Chapter 175 - 175: Failed miserably (2),https://novel-bin.net/novel-bin/becoming-immortal-through-getting-married-nov-1998792937/chapter-175-175-failed-miserably-2,65efbb58eb6e829adc4a104c,65f1a7ff05857ee1118a332b
175,Chapter 176 - 176: Failure (3),https://novel-bin.net/novel-bin/becoming-immortal-through-getting-married-nov-1998792937/chapter-176-176-failure-3,65efbb58eb6e829adc4a104c,65f1a80205857ee1118a332c
176,Chapter 177 - 177: Giant Bird,https://novel-bin.net/novel-bin/becoming-immortal-through-getting-married-nov-1998792937/chapter-177-177-giant-bird,65efbb58eb6e829adc4a104c,65f1a80605857ee1118a332d
177,Chapter 178 - 178: Giant Bird,https://novel-bin.net/novel-bin/becoming-immortal-through-getting-married-nov-1998792937/chapter-178-178-giant-bird,65efbb58eb6e829adc4a104c,65f1a80a05857ee1118a332e
178,Chapter 179 - 179: Giant Bird (3),https://novel-bin.net/novel-bin/becoming-immortal-through-getting-married-nov-1998792937/chapter-179-179-giant-bird-3,65efbb58eb6e829adc4a104c,65f1a80e05857ee1118a332f
179,Chapter 180 - 180: Fox Imprisonment,https://novel-bin.net/novel-bin/becoming-immortal-through-getting-married-nov-1998792937/chapter-180-180-fox-imprisonment,65efbb58eb6e829adc4a104c,65f1a81105857ee1118a3330
180,Chapter 181 - 181: Imprisoned by the Fox,https://novel-bin.net/novel-bin/becoming-immortal-through-getting-married-nov-1998792937/chapter-181-181-imprisoned-by-the-fox,65efbb58eb6e829adc4a104c,65f1a81505857ee1118a3331
181,Chapter 182 - 182: Imprisoned by the Fox,https://novel-bin.net/novel-bin/becoming-immortal-through-getting-married-nov-1998792937/chapter-182-182-imprisoned-by-the-fox,65efbb58eb6e829adc4a104c,65f1a81905857ee1118a3332
182,Chapter 183 - 183: The Fox Demon Is Solved,https://novel-bin.net/novel-bin/becoming-immortal-through-getting-married-nov-1998792937/chapter-183-183-the-fox-demon-is-solved,65efbb58eb6e829adc4a104c,65f1a81c05857ee1118a3333
183,Chapter 184 - 184: Moving,https://novel-bin.net/novel-bin/becoming-immortal-through-getting-married-nov-1998792937/chapter-184-184-moving,65efbb58eb6e829adc4a104c,65f1a82005857ee1118a3334
184,Chapter 185 - 185: Visiting the Fox Demon,https://novel-bin.net/novel-bin/becoming-immortal-through-getting-married-nov-1998792937/chapter-185-185-visiting-the-fox-demon,65efbb58eb6e829adc4a104c,65f1a82405857ee1118a3335
185,Chapter 186 - 186: Ancient Forbidden Technique,https://novel-bin.net/novel-bin/becoming-immortal-through-getting-married-nov-1998792937/chapter-186-186-ancient-forbidden-technique,65efbb58eb6e829adc4a104c,65f1a82805857ee1118a3336
186,Chapter 187 - 187: Ancient Forbidden Technique,https://novel-bin.net/novel-bin/becoming-immortal-through-getting-married-nov-1998792937/chapter-187-187-ancient-forbidden-technique,65efbb58eb6e829adc4a104c,65f1a82b05857ee1118a3337
187,Chapter 188 - 188: Ancient Forbidden Technique (3),https://novel-bin.net/novel-bin/becoming-immortal-through-getting-married-nov-1998792937/chapter-188-188-ancient-forbidden-technique-3,65efbb58eb6e829adc4a104c,65f1a82f05857ee1118a3338
188,Chapter 189 - 189: Ancient Forbidden Technique,https://novel-bin.net/novel-bin/becoming-immortal-through-getting-married-nov-1998792937/chapter-189-189-ancient-forbidden-technique,65efbb58eb6e829adc4a104c,65f1a83305857ee1118a3339
189,Chapter 190 - 190: Humble Beg,https://novel-bin.net/novel-bin/becoming-immortal-through-getting-married-nov-1998792937/chapter-190-190-humble-beg,65efbb58eb6e829adc4a104c,65f1a83705857ee1118a333a
190,Chapter 191 - 191: Enemy Becomes a Concubine,https://novel-bin.net/novel-bin/becoming-immortal-through-getting-married-nov-1998792937/chapter-191-191-enemy-becomes-a-concubine,65efbb58eb6e829adc4a104c,65f1a83a05857ee1118a333b
191,Chapter 192 - 192: Enemy Becomes a Concubine (2),https://novel-bin.net/novel-bin/becoming-immortal-through-getting-married-nov-1998792937/chapter-192-192-enemy-becomes-a-concubine-2,65efbb58eb6e829adc4a104c,65f1a83e05857ee1118a333c
192,Chapter 193 - 193: Classic Whitewash,https://novel-bin.net/novel-bin/becoming-immortal-through-getting-married-nov-1998792937/chapter-193-193-classic-whitewash,65efbb58eb6e829adc4a104c,65f1a84205857ee1118a333d
193,Chapter 194 - 194: Convincing His Wife and Concubine,https://novel-bin.net/novel-bin/becoming-immortal-through-getting-married-nov-1998792937/chapter-194-194-convincing-his-wife-and-concubine,65efbb58eb6e829adc4a104c,65f1a84605857ee1118a333e
194,Chapter 195 - 195: Convincing His Wife and Concubine (2),https://novel-bin.net/novel-bin/becoming-immortal-through-getting-married-nov-1998792937/chapter-195-195-convincing-his-wife-and-concubine-2,65efbb58eb6e829adc4a104c,65f1a84905857ee1118a333f
195,Chapter 196 - 196: Sisters Banding together,https://novel-bin.net/novel-bin/becoming-immortal-through-getting-married-nov-1998792937/chapter-196-196-sisters-banding-together,65efbb58eb6e829adc4a104c,65f1a84d05857ee1118a3340
196,Chapter 197 - 197: Strategy in Progress,https://novel-bin.net/novel-bin/becoming-immortal-through-getting-married-nov-1998792937/chapter-197-197-strategy-in-progress,65efbb58eb6e829adc4a104c,65f1a85105857ee1118a3341
197,Chapter 198 - 198: Strategy in Progress (1/2),https://novel-bin.net/novel-bin/becoming-immortal-through-getting-married-nov-1998792937/chapter-198-198-strategy-in-progress-12,65efbb58eb6e829adc4a104c,65f1a85505857ee1118a3342
198,Chapter 199 - 199: Remember to Video,https://novel-bin.net/novel-bin/becoming-immortal-through-getting-married-nov-1998792937/chapter-199-199-remember-to-video,65efbb58eb6e829adc4a104c,65f1a85805857ee1118a3343
199,Chapter 200 - 200: Fifth Level of the Golden Core Realm (1/2),https://novel-bin.net/novel-bin/becoming-immortal-through-getting-married-nov-1998792937/chapter-200-200-fifth-level-of-the-golden-core-realm-12,65efbb58eb6e829adc4a104c,65f1a85c05857ee1118a3344
200,Chapter 201 - 201: Fifth Level of the Golden Core Realm (2),https://novel-bin.net/novel-bin/becoming-immortal-through-getting-married-nov-1998792937/chapter-201-201-fifth-level-of-the-golden-core-realm-2,65efbb58eb6e829adc4a104c,65f1a86005857ee1118a3345
201,Chapter 202 - 202: Fifth Level of the Golden Core Realm (3),https://novel-bin.net/novel-bin/becoming-immortal-through-getting-married-nov-1998792937/chapter-202-202-fifth-level-of-the-golden-core-realm-3,65efbb58eb6e829adc4a104c,65f1a86305857ee1118a3346
202,Chapter 203 - 203: Complete Slavery,https://novel-bin.net/novel-bin/becoming-immortal-through-getting-married-nov-1998792937/chapter-203-203-complete-slavery,65efbb58eb6e829adc4a104c,65f1a86705857ee1118a3347
203,Chapter 204 - 204: Jiu Ji Submit,https://novel-bin.net/novel-bin/becoming-immortal-through-getting-married-nov-1998792937/chapter-204-204-jiu-ji-submit,65efbb58eb6e829adc4a104c,65f1a86b05857ee1118a3348
204,Chapter 205 - 205: Jiu Ji Submit,https://novel-bin.net/novel-bin/becoming-immortal-through-getting-married-nov-1998792937/chapter-205-205-jiu-ji-submit,65efbb58eb6e829adc4a104c,65f1a86e05857ee1118a3349
205,Chapter 206 - 206: Jiu Ji Submit,https://novel-bin.net/novel-bin/becoming-immortal-through-getting-married-nov-1998792937/chapter-206-206-jiu-ji-submit,65efbb58eb6e829adc4a104c,65f1a87205857ee1118a334a
206,Chapter 207 - 207: There’s a Fox Demon at Home,https://novel-bin.net/novel-bin/becoming-immortal-through-getting-married-nov-1998792937/chapter-207-207-theres-a-fox-demon-at-home,65efbb58eb6e829adc4a104c,65f1a87605857ee1118a334b
207,Chapter 208 - 208:I Won’t Pretend to Be a Gentleman Anymore,https://novel-bin.net/novel-bin/becoming-immortal-through-getting-married-nov-1998792937/chapter-208-208i-wont-pretend-to-be-a-gentleman-anymore,65efbb58eb6e829adc4a104c,65f1a87a05857ee1118a334c
208,Chapter 209 - 209: It’s Time to Take a Fox as a Concubine,https://novel-bin.net/novel-bin/becoming-immortal-through-getting-married-nov-1998792937/chapter-209-209-its-time-to-take-a-fox-as-a-concubine,65efbb58eb6e829adc4a104c,65f1a87d05857ee1118a334d
209,Chapter 210 - 210: Gathering the Five Elements Spiritual Root (1/2),https://novel-bin.net/novel-bin/becoming-immortal-through-getting-married-nov-1998792937/chapter-210-210-gathering-the-five-elements-spiritual-root-12,65efbb58eb6e829adc4a104c,65f1a88105857ee1118a334e
210,Chapter 211 - 211: Gathering the Five Elements Spiritual Root (1/2),https://novel-bin.net/novel-bin/becoming-immortal-through-getting-married-nov-1998792937/chapter-211-211-gathering-the-five-elements-spiritual-root-12,65efbb58eb6e829adc4a104c,65f1a88505857ee1118a334f
211,Chapter 212 - 212: Gathering the Five Elements Spiritual Root (1/2),https://novel-bin.net/novel-bin/becoming-immortal-through-getting-married-nov-1998792937/chapter-212-212-gathering-the-five-elements-spiritual-root-12,65efbb58eb6e829adc4a104c,65f1a88805857ee1118a3350
212,Chapter 213 - 213: Moving to the Heaven Earth Sect,https://novel-bin.net/novel-bin/becoming-immortal-through-getting-married-nov-1998792937/chapter-213-213-moving-to-the-heaven-earth-sect,65efbb58eb6e829adc4a104c,65f1a88c05857ee1118a3351
213,Chapter 214 - 214: Killing the Python Demon,https://novel-bin.net/novel-bin/becoming-immortal-through-getting-married-nov-1998792937/chapter-214-214-killing-the-python-demon,65efbb58eb6e829adc4a104c,65f1a89005857ee1118a3352
214,Chapter 215 - 215: Killing the Python Demon (1/2),https://novel-bin.net/novel-bin/becoming-immortal-through-getting-married-nov-1998792937/chapter-215-215-killing-the-python-demon-12,65efbb58eb6e829adc4a104c,65f1a89405857ee1118a3353
215,Chapter 216 - 216: Killing the Python Demon (1/2),https://novel-bin.net/novel-bin/becoming-immortal-through-getting-married-nov-1998792937/chapter-216-216-killing-the-python-demon-12,65efbb58eb6e829adc4a104c,65f1a89705857ee1118a3354
216,Chapter 217  Arriving at the Alchemy Hall,https://novel-bin.net/novel-bin/becoming-immortal-through-getting-married-nov-1998792937/chapter-217-arriving-at-the-alchemy-hall,65efbb58eb6e829adc4a104c,65f1a89b05857ee1118a3355
217,Chapter 218  Jiu Ji Is Here,https://novel-bin.net/novel-bin/becoming-immortal-through-getting-married-nov-1998792937/chapter-218-jiu-ji-is-here,65efbb58eb6e829adc4a104c,65f1a89f05857ee1118a3356
218,Chapter 219  Jiu Ji's Decision,https://novel-bin.net/novel-bin/becoming-immortal-through-getting-married-nov-1998792937/chapter-219-jiu-jis-decision,65efbb58eb6e829adc4a104c,65f1a8a205857ee1118a3357
219,Chapter 220  Sect Master and Holy Maiden,https://novel-bin.net/novel-bin/becoming-immortal-through-getting-married-nov-1998792937/chapter-220-sect-master-and-holy-maiden,65efbb58eb6e829adc4a104c,65f1a8a605857ee1118a3358
220,Chapter 221 - 221: Sect Master and Holy Maiden (2),https://novel-bin.net/novel-bin/becoming-immortal-through-getting-married-nov-1998792937/chapter-221-221-sect-master-and-holy-maiden-2,65efbb58eb6e829adc4a104c,65f1a8aa05857ee1118a3359
221,Chapter 222 - 222: Sect Master and Holy Maiden (3),https://novel-bin.net/novel-bin/becoming-immortal-through-getting-married-nov-1998792937/chapter-222-222-sect-master-and-holy-maiden-3,65efbb58eb6e829adc4a104c,65f1a8ae05857ee1118a335a
222,Chapter 223 - 223: Chen An Isn’t Worthy,https://novel-bin.net/novel-bin/becoming-immortal-through-getting-married-nov-1998792937/chapter-223-223-chen-an-isnt-worthy,65efbb58eb6e829adc4a104c,65f1a8b105857ee1118a335b
223,Chapter 224 - 224: Jiu Ji Wants to Be the Mistress,https://novel-bin.net/novel-bin/becoming-immortal-through-getting-married-nov-1998792937/chapter-224-224-jiu-ji-wants-to-be-the-mistress,65efbb58eb6e829adc4a104c,65f1a8b505857ee1118a335c
224,Chapter 225 - 225: Jiu Ji Wants to Be the Mistress (2),https://novel-bin.net/novel-bin/becoming-immortal-through-getting-married-nov-1998792937/chapter-225-225-jiu-ji-wants-to-be-the-mistress-2,65efbb58eb6e829adc4a104c,65f1a8b905857ee1118a335d
225,Chapter 226 - 226: Earth Explosion Star (2/2),https://novel-bin.net/novel-bin/becoming-immortal-through-getting-married-nov-1998792937/chapter-226-226-earth-explosion-star-22,65efbb58eb6e829adc4a104c,65f1a8bd05857ee1118a335e
226,Chapter 227 - 227: Female Cultivator of the Joyous Union Hall,https://novel-bin.net/novel-bin/becoming-immortal-through-getting-married-nov-1998792937/chapter-227-227-female-cultivator-of-the-joyous-union-hall,65efbb58eb6e829adc4a104c,65f1a8c005857ee1118a335f
227,Chapter 228 - 228: Female Cultivator of the Joyous Union Hall (1/2),https://novel-bin.net/novel-bin/becoming-immortal-through-getting-married-nov-1998792937/chapter-228-228-female-cultivator-of-the-joyous-union-hall-12,65efbb58eb6e829adc4a104c,65f1a8c405857ee1118a3360
228,Chapter 229 - 229: Heroine of the Law Enforcement Hall,https://novel-bin.net/novel-bin/becoming-immortal-through-getting-married-nov-1998792937/chapter-229-229-heroine-of-the-law-enforcement-hall,65efbb58eb6e829adc4a104c,65f1a8c805857ee1118a3361
229,Chapter 230 - 230: Two Happiness,https://novel-bin.net/novel-bin/becoming-immortal-through-getting-married-nov-1998792937/chapter-230-230-two-happiness,65efbb58eb6e829adc4a104c,65f1a8cb05857ee1118a3362
230,Chapter 231 - 231: Double Happiness,https://novel-bin.net/novel-bin/becoming-immortal-through-getting-married-nov-1998792937/chapter-231-231-double-happiness,65efbb58eb6e829adc4a104c,65f1a8cf05857ee1118a3363
231,Chapter 232 - 232: Scaring Children to Cry,https://novel-bin.net/novel-bin/becoming-immortal-through-getting-married-nov-1998792937/chapter-232-232-scaring-children-to-cry,65efbb58eb6e829adc4a104c,65f1a8d305857ee1118a3364
232,Chapter 233 - 233: The Stubborn Xiao Wen,https://novel-bin.net/novel-bin/becoming-immortal-through-getting-married-nov-1998792937/chapter-233-233-the-stubborn-xiao-wen,65efbb58eb6e829adc4a104c,65f1a8d705857ee1118a3365
233,Chapter 234 - 234: The Stubborn Little Wen (2),https://novel-bin.net/novel-bin/becoming-immortal-through-getting-married-nov-1998792937/chapter-234-234-the-stubborn-little-wen-2,65efbb58eb6e829adc4a104c,65f1a8da05857ee1118a3366
234,Chapter 235 - 235: The Stubborn Little Wen (3),https://novel-bin.net/novel-bin/becoming-immortal-through-getting-married-nov-1998792937/chapter-235-235-the-stubborn-little-wen-3,65efbb58eb6e829adc4a104c,65f1a8de05857ee1118a3367
235,Chapter 236 - 236: Sage Tree,https://novel-bin.net/novel-bin/becoming-immortal-through-getting-married-nov-1998792937/chapter-236-236-sage-tree,65efbb58eb6e829adc4a104c,65f1a8e205857ee1118a3368
236,Chapter 237 - 237: Sage Tree,https://novel-bin.net/novel-bin/becoming-immortal-through-getting-married-nov-1998792937/chapter-237-237-sage-tree,65efbb58eb6e829adc4a104c,65f1a8e605857ee1118a3369
237,Chapter 238 - 238: Sage Tree (1/2),https://novel-bin.net/novel-bin/becoming-immortal-through-getting-married-nov-1998792937/chapter-238-238-sage-tree-12,65efbb58eb6e829adc4a104c,65f1a8e905857ee1118a336a
238,Chapter 239 - 239: Sage Tree,https://novel-bin.net/novel-bin/becoming-immortal-through-getting-married-nov-1998792937/chapter-239-239-sage-tree,65efbb58eb6e829adc4a104c,65f1a8ed05857ee1118a336b
239,Chapter 240 - 240: Pill Formula of the Divine Beautifying Pill (2/2),https://novel-bin.net/novel-bin/becoming-immortal-through-getting-married-nov-1998792937/chapter-240-240-pill-formula-of-the-divine-beautifying-pill-22,65efbb58eb6e829adc4a104c,65f1a8f105857ee1118a336c
240,Chapter 241 - 241: Joining the Law Enforcement Hall,https://novel-bin.net/novel-bin/becoming-immortal-through-getting-married-nov-1998792937/chapter-241-241-joining-the-law-enforcement-hall,65efbb58eb6e829adc4a104c,65f1a8f405857ee1118a336d
241,"Chapter 242 - 242: Primordial Spell, Golden Fire Eyes (2/2)",https://novel-bin.net/novel-bin/becoming-immortal-through-getting-married-nov-1998792937/chapter-242-242-primordial-spell-golden-fire-eyes-22,65efbb58eb6e829adc4a104c,65f1a8f805857ee1118a336e
242,Chapter 243 - 243: Elder Hehuan and Elder Bailian,https://novel-bin.net/novel-bin/becoming-immortal-through-getting-married-nov-1998792937/chapter-243-243-elder-hehuan-and-elder-bailian,65efbb58eb6e829adc4a104c,65f1a8fc05857ee1118a336f
243,Chapter 244 - 244: Book of Curses,https://novel-bin.net/novel-bin/becoming-immortal-through-getting-married-nov-1998792937/chapter-244-244-book-of-curses,65efbb58eb6e829adc4a104c,65f1a90005857ee1118a3370
244,Chapter 245 - 245: Visit by the Saint,https://novel-bin.net/novel-bin/becoming-immortal-through-getting-married-nov-1998792937/chapter-245-245-visit-by-the-saint,65efbb58eb6e829adc4a104c,65f1a90305857ee1118a3371
245,Chapter 246 - 246: Just Because He’s Too Handsome,https://novel-bin.net/novel-bin/becoming-immortal-through-getting-married-nov-1998792937/chapter-246-246-just-because-hes-too-handsome,65efbb58eb6e829adc4a104c,65f1a90705857ee1118a3372
246,Chapter 247 - 247: The First Step to Conquering the Holy Maiden,https://novel-bin.net/novel-bin/becoming-immortal-through-getting-married-nov-1998792937/chapter-247-247-the-first-step-to-conquering-the-holy-maiden,65efbb58eb6e829adc4a104c,65f1a90b05857ee1118a3373
247,Chapter 248 - 248: His Wife and Concubine Are Harassed,https://novel-bin.net/novel-bin/becoming-immortal-through-getting-married-nov-1998792937/chapter-248-248-his-wife-and-concubine-are-harassed,65efbb58eb6e829adc4a104c,65f1a90f05857ee1118a3374
248,Chapter 249 - 249: The Crime of Harassing His Wife and Concubine,https://novel-bin.net/novel-bin/becoming-immortal-through-getting-married-nov-1998792937/chapter-249-249-the-crime-of-harassing-his-wife-and-concubine,65efbb58eb6e829adc4a104c,65f1a91205857ee1118a3375
249,Chapter 250 - 250: Curse Investigated,https://novel-bin.net/novel-bin/becoming-immortal-through-getting-married-nov-1998792937/chapter-250-250-curse-investigated,65efbb58eb6e829adc4a104c,65f1a91605857ee1118a3376
250,Chapter 251 - 251: Cursing Cai Ziyin,https://novel-bin.net/novel-bin/becoming-immortal-through-getting-married-nov-1998792937/chapter-251-251-cursing-cai-ziyin,65efbb58eb6e829adc4a104c,65f1a91a05857ee1118a3377
251,Chapter 252 - 252: Jiu Ji Is Born,https://novel-bin.net/novel-bin/becoming-immortal-through-getting-married-nov-1998792937/chapter-252-252-jiu-ji-is-born,65efbb58eb6e829adc4a104c,65f1a91d05857ee1118a3378
252,Chapter 253 - 253: Chen Yuejian’s Ordinary Constitution (1/2),https://novel-bin.net/novel-bin/becoming-immortal-through-getting-married-nov-1998792937/chapter-253-253-chen-yuejians-ordinary-constitution-12,65efbb58eb6e829adc4a104c,65f1a92105857ee1118a3379
253,Chapter 254 - 254: Achieving Nascent Soul (2/2),https://novel-bin.net/novel-bin/becoming-immortal-through-getting-married-nov-1998792937/chapter-254-254-achieving-nascent-soul-22,65efbb58eb6e829adc4a104c,65f1a92505857ee1118a337a
254,Chapter 255 - 255: Something Happened to Gu Xinyue,https://novel-bin.net/novel-bin/becoming-immortal-through-getting-married-nov-1998792937/chapter-255-255-something-happened-to-gu-xinyue,65efbb58eb6e829adc4a104c,65f1a92905857ee1118a337b
255,Chapter 256 - 256: Entire Family Poisoned,https://novel-bin.net/novel-bin/becoming-immortal-through-getting-married-nov-1998792937/chapter-256-256-entire-family-poisoned,65efbb58eb6e829adc4a104c,65f1a92c05857ee1118a337c
256,Chapter 257 - 257: Entire Family Poisoned,https://novel-bin.net/novel-bin/becoming-immortal-through-getting-married-nov-1998792937/chapter-257-257-entire-family-poisoned,65efbb58eb6e829adc4a104c,65f1a93005857ee1118a337d
257,Chapter 258 - 258: Entire Family Poisoned,https://novel-bin.net/novel-bin/becoming-immortal-through-getting-married-nov-1998792937/chapter-258-258-entire-family-poisoned,65efbb58eb6e829adc4a104c,65f1a93405857ee1118a337e
258,Chapter 259 - 259: Meeting the Holy Maiden,https://novel-bin.net/novel-bin/becoming-immortal-through-getting-married-nov-1998792937/chapter-259-259-meeting-the-holy-maiden,65efbb58eb6e829adc4a104c,65f1a93805857ee1118a337f
259,Chapter 260 - 260: Daydream,https://novel-bin.net/novel-bin/becoming-immortal-through-getting-married-nov-1998792937/chapter-260-260-daydream,65efbb58eb6e829adc4a104c,65f1a93b05857ee1118a3380
260,Chapter 261 - 261: The Hatred of the Elder,https://novel-bin.net/novel-bin/becoming-immortal-through-getting-married-nov-1998792937/chapter-261-261-the-hatred-of-the-elder,65efbb58eb6e829adc4a104c,65f1a93f05857ee1118a3381
261,Chapter 262 - 262: Attacked Midnight,https://novel-bin.net/novel-bin/becoming-immortal-through-getting-married-nov-1998792937/chapter-262-262-attacked-midnight,65efbb58eb6e829adc4a104c,65f1a94305857ee1118a3382
262,Chapter 263 - 263: Attacked Midnight (2),https://novel-bin.net/novel-bin/becoming-immortal-through-getting-married-nov-1998792937/chapter-263-263-attacked-midnight-2,65efbb58eb6e829adc4a104c,65f1a94705857ee1118a3383
263,"Chapter 264 - 264: Ancient Forbidden Technique, Earth Explosion Star (2/2)",https://novel-bin.net/novel-bin/becoming-immortal-through-getting-married-nov-1998792937/chapter-264-264-ancient-forbidden-technique-earth-explosion-star-22,65efbb58eb6e829adc4a104c,65f1a94a05857ee1118a3384
264,Chapter 265 - 265: The Complicated Factions in the Sect,https://novel-bin.net/novel-bin/becoming-immortal-through-getting-married-nov-1998792937/chapter-265-265-the-complicated-factions-in-the-sect,65efbb58eb6e829adc4a104c,65f1a94e05857ee1118a3385
265,Chapter 266 - 266: Counting the Spoils of War,https://novel-bin.net/novel-bin/becoming-immortal-through-getting-married-nov-1998792937/chapter-266-266-counting-the-spoils-of-war,65efbb58eb6e829adc4a104c,65f1a95205857ee1118a3386
266,Chapter 267 - 268: The Saint’s Troubles (2),https://novel-bin.net/novel-bin/becoming-immortal-through-getting-married-nov-1998792937/chapter-267-268-the-saints-troubles-2,65efbb58eb6e829adc4a104c,65f1a95605857ee1118a3387
267,Chapter 268 - 267: The Saint’s Troubles,https://novel-bin.net/novel-bin/becoming-immortal-through-getting-married-nov-1998792937/chapter-268-267-the-saints-troubles,65efbb58eb6e829adc4a104c,65f1a95905857ee1118a3388
268,Chapter 269 - 269: Dominating the Heaven Earth Sect,https://novel-bin.net/novel-bin/becoming-immortal-through-getting-married-nov-1998792937/chapter-269-269-dominating-the-heaven-earth-sect,65efbb58eb6e829adc4a104c,65f1a95d05857ee1118a3389
269,Chapter 270 - 270: Gu Xinyue’s Infertility Problem,https://novel-bin.net/novel-bin/becoming-immortal-through-getting-married-nov-1998792937/chapter-270-270-gu-xinyues-infertility-problem,65efbb58eb6e829adc4a104c,65f1a96105857ee1118a338a
270,"Chapter 271 - 271: Fifth Level of the Nascent Soul Realm, Below One Person, Above Ten Thousand People (2/2)",https://novel-bin.net/novel-bin/becoming-immortal-through-getting-married-nov-1998792937/chapter-271-271-fifth-level-of-the-nascent-soul-realm-below-one-person-above-ten-thousand-people-22,65efbb58eb6e829adc4a104c,65f1a96405857ee1118a338b
271,Chapter 272 - 272: Ninth Elder Looking for Trouble,https://novel-bin.net/novel-bin/becoming-immortal-through-getting-married-nov-1998792937/chapter-272-272-ninth-elder-looking-for-trouble,65efbb58eb6e829adc4a104c,65f1a96805857ee1118a338c
272,Chapter 273 - 273: Ninth Elder Has Been Cultivated,https://novel-bin.net/novel-bin/becoming-immortal-through-getting-married-nov-1998792937/chapter-273-273-ninth-elder-has-been-cultivated,65efbb58eb6e829adc4a104c,65f1a96c05857ee1118a338d
273,Chapter 274 - 274: Slapping the Great Elder to Death,https://novel-bin.net/novel-bin/becoming-immortal-through-getting-married-nov-1998792937/chapter-274-274-slapping-the-great-elder-to-death,65efbb58eb6e829adc4a104c,65f1a96f05857ee1118a338e
274,Chapter 275 - 275: Gu Xinyue’s Infertility Can Be Saved,https://novel-bin.net/novel-bin/becoming-immortal-through-getting-married-nov-1998792937/chapter-275-275-gu-xinyues-infertility-can-be-saved,65efbb58eb6e829adc4a104c,65f1a97305857ee1118a338f
275,Chapter 276 - 276: Attack of the Xuanhuang Sect,https://novel-bin.net/novel-bin/becoming-immortal-through-getting-married-nov-1998792937/chapter-276-276-attack-of-the-xuanhuang-sect,65efbb58eb6e829adc4a104c,65f1a97705857ee1118a3390
276,Chapter 277 - 277: Attack of the Xuanhuang Sect (2),https://novel-bin.net/novel-bin/becoming-immortal-through-getting-married-nov-1998792937/chapter-277-277-attack-of-the-xuanhuang-sect-2,65efbb58eb6e829adc4a104c,65f1a97b05857ee1118a3391
277,Chapter 278 - 278: Attack of the Xuanhuang Sect (3),https://novel-bin.net/novel-bin/becoming-immortal-through-getting-married-nov-1998792937/chapter-278-278-attack-of-the-xuanhuang-sect-3,65efbb58eb6e829adc4a104c,65f1a97e05857ee1118a3392
