nombre,contenido
Capítulo (1),"<p>Vida civilizada sabia (c) Wirae</p><p>El juego ""Lost World"", donde te conviertes en un dios y construyes una civilización de fantasía.
Cuando comienza el servicio oficial, el número 1 del ranking, Choi Sung-woon, se entera de que la jugada hasta ahora ha sido solo un juego de práctica para el juego real.
=========================================</p><p>Episodio 001</p><p>A Choi Sungwoon le gustó el juego de acceso anticipado ""Lost World"".</p><p>No solo le gustaba, sino que también era bueno en eso.</p><p>The Lost World es un juego de simulación en el que hasta treinta y dos jugadores participan como dioses y luchan entre sí para lograr la victoria haciendo avanzar a diferentes razas como humanos, elfos y orcos a la civilización moderna.</p><p>Nebula estuvo en el número 1 el año pasado, pero este año ha sido el número 1 durante 11 meses consecutivos. Si mantenía su rating hasta hoy, sería un campeón que nunca había estado fuera del primer lugar durante 12 meses, o un año.</p><p>Y Nebula jugaba la última partida del día.</p><p>Una ventana de estado apareció frente a los ojos de Nebula.</p><p>""En nombre del dios Nebula, ¿autorizarás un ataque nuclear?""</p><p>""Sí/No""</p><p>Nebula presionó 'sí'.</p><p>Luego, desde la base de misiles nucleares con la nebulosa, los misiles balísticos intercontinentales que transportaban docenas de ojivas nucleares asomaron la cabeza al suelo.</p><p>Después de jugar durante horas, solo quedaban dos: Nebula y su oponente.</p><p>Los misiles nucleares preparados volaron por todo el continente al unísono y dispararon contra los países enemigos.</p><p>Varios misiles antibalísticos disparados desde naciones enemigas dejaron caer el núcleo de la nebulosa desde el océano, pero todos estaban al alcance de la mano. El sistema de intercepción de misiles del oponente no podía coincidir con la nebulosa.</p><p>La nebulosa, a través de los ojos del Avatar, se volvió hacia el palacio donde vivía el emperador del país enemigo.</p><p>El emperador orco había escuchado la noticia de un misil nuclear disparado contra su país y estaba rezando en un templo en un búnker subterráneo.</p><p>También era algo que preocupaba a Nebula.</p><p>En la vida real, parecería ridículo o patético ver a un gobernante ofrecer una oración final a un dios en una sociedad sinónima, pero no en el Mundo Perdido.</p><p>""Dado que mi oponente no invirtió en tecnología mientras yo estaba construyendo una construcción nuclear, deben haber tomado más recursos de la Fe"".</p><p>En el Mundo Perdido, el jugador era un dios.</p><p>A los jugadores se les permitía intervenir en un número limitado de razas o naciones bajo su control, y a través de ellos, tenían que extender su poder más ampliamente para que los seres del mundo del Mundo Perdido creyeran en ellos.</p><p>Esa fe se convirtió en un recurso en nombre de la fe, y el jugador pudo realizar milagros a través de esa fe para proteger y proteger a sus creyentes.</p><p>""Mi oponente se ha adelantado a los orcos como una raza convencional, pero eso es solo porque pueden superarlos en número rápidamente"".</p><p>Nebula vio cómo el núcleo volaba a través de sus encarnaciones por todo el mundo.</p><p>Varios de los misiles nucleares que no fueron interceptados por el ABM comenzaron a elevarse en el aire.</p><p>Se necesita una gran cantidad de poder para derrotar a un misil que volaba con una gran cantidad de calor.</p><p>Pronto, se reveló la verdadera naturaleza de su poder.</p><p>En general, se asemeja a la silueta de una criatura bípeda, pero su tamaño ha alcanzado cientos de metros.</p><p>Enormes nubes oscuras barrían el viento racheado y había un destello interminable de relámpagos en ellas.</p><p>Era la encarnación del deseo del oponente.</p><p>Pronto, el aire comprimido se arremolinó alrededor del punto donde no se podía ver el misil nuclear y fue arrastrado hacia arriba.</p><p>El área principal del oponente es el cielo.</p><p>El poder de los cielos apareció milagrosamente en contra de la voluntad del Dios Empíreo, y los misiles que cruzaron el cielo fueron arrastrados hacia arriba.</p><p>Los misiles nucleares se elevaron lo suficientemente alto como para no tener ningún efecto sobre la vida en la superficie, explotando y creando esferas de luz sobre el Mundo Perdido.</p><p>Gracias a un sol artificial intempestivo, las estrellas del cielo nocturno se borraron, revelando un cielo azul.</p><p>– Otra vez el roble sagrado.</p><p>Nebula conocía esta estrategia.</p><p>Al hacer de los orcos la raza principal, multiplican rápidamente su número y, a medida que aumenta el número de creyentes, adquieren rápidamente recursos de Fe. La tecnología y la cultura se escapan de la invasión.</p><p>Debido a su alta fe y número de orcos, obtienen una ventaja en la guerra, por lo que fue una estrategia que fue bien recibida desde el principio hasta el final.</p><p>El hecho de que la otra parte llevara el cielo al gran reino también significaba que había sido consciente de las nebulosas que habían hecho del desarrollo científico la corriente principal.</p><p>Debido a que el oponente había tomado los cielos, la nebulosa no pudo usar tácticas antiaéreas en las últimas etapas de la guerra.</p><p>Si hubieran utilizado la tecnología relacionada con los aviones sin muchos obstáculos, habrían ganado fácilmente la guerra con misiles nucleares.</p><p>Lo sabía.</p><p>Una vez que se bloquean los misiles nucleares, el oponente probablemente reunirá más fe y contraatacará con un milagro de desastre natural, como un rayo, un tornado o un tifón.</p><p>Recientemente, Holy Oak ha sido el meta con el índice de victorias más alto.</p><p>Así que fue más fácil.</p><p>La razón por la que Nebula pudo mantener el puesto número 1 fue porque era bueno en las contraconstrucciones. Si Nebula también es un Roble Sagrado, se ha utilizado desde poco después de que se creara el metajuego.</p><p>Si pensaba que no tenía debilidades, Nebula probablemente usó la misma estrategia.</p><p>La nebulosa movió el más alto de los flotadores.</p><p>Estaba a más de 2.000 km sobre la superficie.</p><p>Era un satélite militar impulsado por inteligencia artificial, una encarnación de una nebulosa creada por un antiguo relicario.</p><p>Incluso un dios con un gran reino de los cielos no puede controlar todos los cielos.</p><p>En el mejor de los casos, el cielo sobre su cabeza.</p><p>El universo no era el dominio de los dioses, y también lo era la posición de los satélites.</p><p>El cielo está, después de todo, dentro de la atmósfera.</p><p>El dios del cielo miraba fijamente a la tierra y no sabía lo que había sobre él.</p><p>Sungjun movió su avatar y lo apuntó a la cabeza del emperador enemigo.</p><p>Incluso si se trata de un satélite militar, no lleva ni una sola arma de fuego.</p><p>Solo unas pocas varillas de tungsteno.</p><p>Con eso bastaba.</p><p>La varilla de tungsteno, que pesaba 10 toneladas, comenzó su caída libre bajo la atracción de la gravedad del planeta.</p><p>Al principio, era tan lento que no podía decir si se movía o no, pero luego rasgó el cielo y se volvió rojo.</p><p>El oponente probablemente no lo habría notado porque estaba lidiando con un misil nuclear, e incluso si lo hiciera, solo podría cambiar un poco el ángulo con un milagro en el cielo.</p><p>—¿Has oído hablar alguna vez del Bastón de Dios?</p><p>Las varillas de tungsteno perforaron el techo del palacio imperial, perforando varias capas intactas.</p><p>Y eso no fue suficiente para frenar la caída.</p><p>Las varillas de tungsteno perforaron el búnker y se hundieron en un templo subterráneo.</p><p>Al final yacía el emperador que estaba rezando.</p><p>Un paso más tarde, el palacio imperial y los templos subterráneos debajo de él comenzaron a desmoronarse.</p><p>– Has ganado.</p><p>No usó el Bastón de Dios de inmediato, solo se preguntó qué estaba tramando su oponente.</p><p>Su oponente era el número 2 en el ranking, apodado ""Hegemonía"", y era un jugador famoso que lo había estado persiguiendo con un fuerte aumento en los puntos de rating recientemente.</p><p>Vamos a encontrarnos mucho en el futuro, así que necesitaba averiguar las configuraciones principales.</p><p>""Será mejor que te rindas antes de que se ponga feo"".</p><p>El emperador imperial, que habría sido la encarnación, murió, y el templo subterráneo, que habría ganado la mayor fe, se derrumbó.</p><p>No sé cuánto había caído su fe, pero no parecía tener la fe para mantener su encarnación. El Avatar del Viento se desvaneció en la forma. Era obvio que ya no era posible detener los misiles nucleares.</p><p>El rival se tambaleó y no pudo controlar el milagro.</p><p>Los Apóstoles de los Vientos se dispersaron, y la capital del enemigo, las principales ciudades y la infraestructura explotaron como fuegos artificiales.</p><p>Al final, el oponente se rindió solo después de que se puso feo.</p><p>""¡Ganamos!""</p><p>Nebula sonrió mientras salía a la pantalla de puntuación.</p><p>No por la diferencia de puntajes con sus oponentes, sino porque era el mes siguiente en la hora estándar del Pacífico.</p><p>Ha sido número 1 durante 12 meses consecutivos.</p><p>Era un récord único en el Mundo Perdido, y era un récord que nadie superaría fácilmente en el futuro.</p><p>Pero lo que más agradó a Nebula fue la lista de logros del 100% de logro.</p><p>""Tienes que ser el número 1 durante 12 meses seguidos para conseguirlo"".</p><p>Incluso fui vilipendiado por los entusiastas de los logros por qué la productora hizo una hazaña tan ridícula, pero era un logro que existía de todos modos, y era ridículamente difícil para una nebulosa, así que sentí que valía la pena el desafío.</p><p>Hubo muchos fracasos, y después de fallar una vez cada cinco meses seguidos, me pregunté si sería capaz de intentarlo de nuevo, pero Nebula llegó hasta aquí.</p><p>Cuando Nebula se estiró y volvió a mirar la pantalla, hubo una nota.</p><p>""Gracias por disfrutar de 'Lost World'. The Lost World ya está en acceso anticipado y se lanzará como un juego completo. El jugador 'Nebula' podrá disfrutar del juego antes del servicio oficial. ¿Quieres jugar?""</p><p>""Sí/No""</p><p>—se preguntó Nebula—.</p><p>""¿Tan buen momento? ¿Iba a salir oficialmente cuando conseguieras el logro?</p><p>Nebula miró su reloj.</p><p>Estuve en el número 1 durante 12 meses seguidos y me sentí animado por lograr el 100% de mis logros, pero aún no era hora de dormir. Es solo que mis manos están sueltas ahora.</p><p>Nebula presionó 'sí'.</p><p>─┼</p><p>La nebulosa parpadeó.</p><p>─┼</p><p>Nebula pensó que había perdido el conocimiento.</p><p>Pero eso no fue todo.</p><p>La nebulosa miraba fijamente al cielo nocturno, y cuando su visión se aclaró, el cielo ni siquiera estaba completamente negro.</p><p>Las estrellas centelleaban. También vi un planeta azul familiar. Naturalmente, era el sol el que más llenaba el campo de visión.</p><p>Nebula, que había estado acostada, mostró sus caderas.</p><p>""Las ruinas del templo... ¿Lo es?</p><p>Estaba rodeado de pilares de piedra de estilo rudimentario que recordaban a los templos griegos, y los suelos estaban tallados en la misma piedra gris.</p><p>El edificio sobre el que se encontraba la nebulosa estaba situado en una posición relativamente alta, y edificios similares estaban alineados más allá de la columna de piedra.</p><p>Lo extraño es que a pesar de que se puede ver el horizonte, el cielo es negro.</p><p>""No hay atmósfera"".</p><p>Sin atmósfera, no hay penetración de luz, por lo que no se ha producido dispersión, y el cielo se ve negro incluso cuando sale el sol.</p><p>Por supuesto, sin la atmósfera, no podría respirar, pero la nebulosa debe haber sido un sueño vívido, se puso de pie.</p><p>""No es un sueño"".</p><p>Nebula se volvió hacia la voz.</p><p>Un hombre extraño se puso de pie.</p><p>Parecía un monje medieval vestido con túnicas y una capucha presionada.</p><p>Sungwoon se inclinó ligeramente para ver el interior de su rostro, pero estaba completamente oscuro dentro de la capucha.</p><p>—preguntó Nebula.</p><p>—¿No es un sueño?</p><p>""Nebula, soy Aldin. Has sido elegido"".</p><p>Nebula parpadeó.</p><p>Había más en la pregunta antes de que le preguntara cómo sabía su nombre o qué significaba ser elegido.</p><p>—¿Tú también?</p><p>Aldin asintió y levantó el brazo para señalar el perímetro de la nebulosa.</p><p>Entonces sombras que nunca antes se habían visto aparecieron en los ojos de la nebulosa.</p><p>Nebula estaba un poco sorprendida, pero sabía que las sombras eran las siluetas de la gente común.</p><p>Las sombras miraban a su alrededor con asombro, como nebulosas.</p><p>""Venís del mismo mundo, de la misma Tierra. Así que habrá algunas personas entre ustedes que se conocen. Lo hemos seguido para el juego limpio"".</p><p>""Me refiero a un juego...""</p><p>Nebula se dio cuenta de lo que había estado haciendo justo antes de venir aquí.</p><p>Aldin alzó el brazo y señaló el planeta que había sobre su cabeza.</p><p>El planeta que se suponía que era la Tierra era en realidad otro planeta con el que las nebulosas estaban muy familiarizadas: el Mundo Perdido.</p><p>""Así que donde estoy pisando es la Luna del Mundo Perdido"".</p><p>""Sí, el juego que jugaste, 'Lost World', se basó en el mundo real, y los juegos que jugaste innumerables veces fueron juegos de práctica para el siguiente"".</p><p>—dijo Aldin—.</p><p>""Vas a ser un verdadero dios en el Mundo Perdido"". Vídeo
Bloqueo de anuncios
Construir
Íntegro
Considerar
Dowter
Famili
Phantash
hierba
Fortuna
Vídeo
 Bloqueo de anuncios
Construir
Íntegro
Considerar
Dowter
Famili
Phantash
hierba
Fortuna
Vídeo</p>"
Capítulo (2),"<p>Episodio 002</p><p>Las voces de las sombras no se oyeron.</p><p>Pero podía verlo hablando consigo mismo con vergüenza o como si le estuviera diciendo algo a Aldin.</p><p>""Algunos de ustedes pueden estar familiarizados con la historia de Lost World a través del juego. En ese planeta floreció una gloriosa civilización y varias razas vivieron en armonía. Pero por alguna razón desconocida, los dioses se fueron y nunca regresaron. Ahora, en ese planeta, hay seres impíos lamentables que viven miserablemente en el desierto. Necesitan a Dios.</p><p>Entonces, para encontrar un candidato a dios, encontré otro mundo que fuera receptivo a los seres de ese planeta, y allí creé un juego Lost World que se parece a ese planeta. Si desea dejar de fumar y regresar, puede hacerlo. Pero vas a perder la memoria de este lugar"".</p><p>—preguntó Nebula.</p><p>—¿Y si desafías?</p><p>—¿Sí?</p><p>""Si te rindes, pierdes la memoria. Entonces, ¿qué obtienes si sigues intentándolo y ganas?""</p><p>Aldin se volvió hacia la nebulosa.</p><p>""Con solo intentarlo, te conviertes en un dios. Como vimos en El Mundo Perdido, solo las cosas humildes confiarán en ti al principio. Pero si invocas a un ser que cree en ti y confía en ti, podrías convertirte en el único dios de este planeta. Podrás hacer lo que quieras. Se trata de conseguir un mundo"".</p><p>Nebula asintió.</p><p>Pero había un vacío en las palabras de Aldin.</p><p>""Sé que si me rindo ahora, volveré. Pero, ¿y si dijeras que lo vas a intentar?</p><p>""No puedo rendirme"".</p><p>""Si eres derrotado por otros dioses...""</p><p>""Será un fin piadoso"".</p><p>Nebula esperaba una respuesta.</p><p>Si se trata de un juego para conseguirlo todo, tienes que arriesgar tu vida. Y con la forma en que se jugaba Lost World, podría tener que arriesgar más que su vida.</p><p>""¿Las condiciones de victoria son las mismas que en el juego Lost World?""</p><p>—Sí.</p><p>Las condiciones para la victoria en el Mundo Perdido eran también las victorias de la alianza.</p><p>Pero eso era solo un nominal. Incluso si formabas una alianza con un gran enemigo, alguien terminaría en la parte de atrás, y por lo general era solo por un objetivo a corto plazo para evitar tal traición.</p><p>""Esto se debe a que una victoria en solitario aumentará más tus puntos de rating. Aquí también... Probablemente similar.</p><p>No puedes subir de rango con puntos de calificación, pero puedes convertirte en el único dios que no puede amenazarte.</p><p>Nebula sabía que el número de personas reunidas aquí era de treinta y dos, que es el número máximo de personas para jugar al Mundo Perdido.</p><p>""Sé que el desafío tiene un precio. Pero, ¿está bien darle el derecho de intentarlo solo porque acaba de jugar?""</p><p>—Absolutamente.</p><p>—dijo Aldin—.</p><p>""Te lo mereces. Has salvado al mundo cientos, miles de veces, a través del Mundo Perdido. También obtendrás la misma interfaz con la que estás familiarizado en Lost World. Por supuesto, no es realmente un juego. Las criaturas que habitan ese planeta están literalmente vivas, y tienen muchas variables"".</p><p>Nebula quiso preguntar más, pero Aldin le tendió la mano ligeramente para contenerlo.</p><p>""Es hora de elegir. Si te vas a rendir, habla ahora"".</p><p>""¿Quién te desafiará?""</p><p>""Solo tienes que quedarte"".</p><p>Pronto algunas personas parecieron mover la boca.</p><p>Parecía una pregunta o una declaración de abandono.</p><p>Las escasas sombras desaparecieron.</p><p>Nebula permaneció en silencio.</p><p>– ¿Convertirte en un dios?</p><p>Nebula regresó y pensó en el resto de su vida.</p><p>No había ninguna razón por la que estuviera tan inmerso en el juego, en el Mundo Perdido.</p><p>La familia estaba en desacuerdo y los únicos activos que quedaban eran las deudas.</p><p>No quiere decir que no haya esperanza para el futuro, pero si los cálculos en la mente de Nebula eran correctos, había una buena posibilidad de que fuera más feliz quedándose aquí y convirtiéndose en un dios. No fue un cálculo difícil.</p><p>A Nebula le fue bien en el Mundo Perdido.</p><p>No solo era bueno en eso, sino que le gustaba.</p><p>""No hay razón para rendirse"".</p><p>Después de que las treinta y dos sombras se redujeron a veintisiete, nadie dijo que se rendirían.</p><p>—dijo Aldin—.</p><p>""Entonces escoge una carta de este altar. Esa carta determinará tu primera subárea"".</p><p>Aldin dio un paso atrás, revelando un altar redondo que había estado allí durante algún tiempo, y las cartas yacían boca abajo.</p><p>""Es como un juego"".</p><p>Aldin señaló primero la nebulosa.</p><p>""Tienes que elegirlo primero"".</p><p>Nebula se encogió de hombros.</p><p>No importa en el orden de las selecciones porque se decide al azar como en el juego, pero dado que es el ranking número 1, parecía ser una consideración si es consideración.</p><p>""Si le das la vuelta a las cartas, se mueven"".</p><p>Afortunadamente, Nebula fue capaz de manejar los primeros treinta y dos subdominios sin desviación.</p><p>""Aun así, hay algunas áreas en las que las probabilidades son un poco mejores...""</p><p>Nebula recogió la carta del medio y le dio la vuelta.</p><p>Nebula, que dio la vuelta a las cartas, miró la imagen y frunció el ceño.</p><p>– Oh, no.</p><p>─┼</p><p>El primer subdominio que dibujó la nebulosa fue el de 'insectos'.</p><p>No era un insecto en el sentido estricto de la palabra, sino una categoría que abarcaba varios artrópodos y crustáceos hasta cierto punto.</p><p>De los treinta y dos subdominios que se pudieron seleccionar por primera vez, la evaluación no fue muy buena y la tasa de victorias fue la peor en los datos reales.</p><p>""Creo que es por la gente que sale tan pronto como se eligen los insectos"".</p><p>Pero ahora la nebulosa no podía darse por vencida, así que tenía que hacer lo mejor que pudiera.</p><p>No estaba demasiado preocupado.</p><p>Incluso si había algunas desviaciones, la Nebulosa tenía incluso buenas posibilidades de ganar sin importar con qué subdominio comenzara.</p><p>""Los insectos son más complicados que los subdominios populares como los minerales y el ganado"".</p><p>Si se obtenían minerales, era bastante ventajoso a principios de la Edad del Bronce.</p><p>Probablemente puedas comenzar una civilización de la Edad de Hierro más fácilmente que nadie.</p><p>Todo el mundo conocía el poder de la Edad de Hierro.</p><p>La ganadería también es un gran subdominio.</p><p>Los recursos cárnicos podían ser fácilmente explotados, y el ganado podía ser utilizado para obtener grandes cantidades de recursos de granos.</p><p>Obtener recursos de fe a través de sacrificios vivos es una ventaja.</p><p>'Los insectos, en cambio...'</p><p>Reflexionando, Nebula colocó la tarjeta del insecto en sus brazos y miró hacia el planeta.</p><p>Salió un suspiro que se había estado conteniendo.</p><p>""No pensé que llegaría a la salida"".</p><p>Por el momento, el continente tampoco era bueno.</p><p>El Mundo Perdido está dividido en tres continentes, y el área donde se encuentra la nebulosa es el hemisferio norte del tercer continente.</p><p>El Tercer Continente era el continente más grande, pero no tenía tantas reservas de recursos como el Primer Continente, ni tenía un clima favorable como el Segundo Continente.</p><p>En cambio, había muchas ruinas que estaban habitadas por diferentes razas y monstruos, y que proporcionaban habilidades especiales en el juego. Dependiendo de cómo lo uses, puede ser beneficioso o perjudicial.</p><p>– No puedo evitarlo.</p><p>En lugar de expresar su insatisfacción con lo que se le daba, Nebula tendía a pasar tiempo saliendo de la situación de insatisfacción.</p><p>Las nebulosas pronto aprendieron que podían moverse en el aire a voluntad, o acercarse a la superficie de la tierra.</p><p>No puedo decir que sea omnipotente, pero me siento como un pequeño dios.</p><p>La nebulosa escaneó casualmente la tierra que se le dio, identificando razas y tribus.</p><p>Era una península situada en el extremo oriental del Tercer Continente.</p><p>""Ojalá hubiera podido empezar un poco más al oeste"".</p><p>Nebula confiaba en el Mundo Perdido, desde la Edad de Bronce hasta la Edad Media, y confiaba en que no perdería una batalla contra otros dioses.</p><p>Sin embargo, la península estaba en desventaja de antemano.</p><p>""Si lo piensas al revés, es seguro al principio"".</p><p>La construcción comenzó a aparecer en la mente de Nebula.</p><p>El juego Lost World tiene mucho tiempo en comparación con el tiempo promedio de juego de cuatro.</p><p>No será una gran ventaja apresurarse un poco más. Más bien, era necesario hacer un juicio preciso.</p><p>Una vez que se determinaban el reino y la tierra, el jugador tenía que elegir la primera raza y tribu.</p><p>En el Mundo Perdido, había muchas razas además de los humanos, y formaban tribus grandes y pequeñas.</p><p>Al principio, solo había pequeñas tribus para elegir.</p><p>""Incluso un dios tiene muy poco poder al principio"".</p><p>Solo porque era un dios, no podía hacer lo que quería.</p><p>En el Mundo Perdido, Dios tuvo que pasar por un filtro llamado causalidad antes de poder ejercer influencia sobre las criaturas del planeta.</p><p>Y para superar esa causalidad, la ""fe"" era necesaria.</p><p>Mi primera fe fue de solo 10 años.</p><p>Tenía que hacer un buen uso de esto para hacer que las personas que había elegido creyeran en la existencia de los dioses y confiaran en ellos.</p><p>Sólo entonces podría surgir la fe, y con el aumento de la fe se podrían realizar más milagros.</p><p>""En primer lugar, hay dos grupos de perros que me llaman la atención"".</p><p>Uno de ellos era un grupo de Hombres Lagarto.</p><p>Su piel era azul con manchas moteadas, empequeñecida y delgada en tamaño en comparación con el Hombre Lagarto.</p><p>Solo hay una treintena de ellos.</p><p>Probablemente todos ellos son clanes emparentados.</p><p>""Han sido expulsados de la multitud más grande en una lucha de poder"".</p><p>De hecho, donde el grupo se estaba alejando, había un grupo de los mismos Hombres Lagarto que habían hecho de sus pequeños oasis su hogar.</p><p>Eran unos ciento cincuenta.</p><p>Pero la nebulosa estaba más interesada en el lado más pequeño que en el más grande.</p><p>No fue por lástima.</p><p>Cuanto más grande es el grupo, menos probable es que se detengan en pequeños milagros.</p><p>Puede ser ventajoso conseguir una gran multitud desde el principio, pero es posible que tengas que correr el riesgo de gastar los 10 de fe.</p><p>Por otro lado, cuanto más pequeño era el grupo y más necesitados de ayuda, más fácil les resultaba confiar y seguir a Dios.</p><p>""La fe depende del grado de creencia en el individuo, del grado en que la persona cree en la existencia de Dios, y del grado en que se confía en la mente, y de si es realmente dependiente. ... Pero no tienes que tomar el camino difícil desde el principio"".</p><p>De hecho, la razón principal por la que Nebula se siente atraída por los hombres lagarto es porque comen insectos.</p><p>Otras razas comían insectos si era necesario, como los humanos y los elfos, en situaciones extremas, pero había una aversión cultural.</p><p>Y ese asco solo se debía a los gérmenes y parásitos que se pueden crear al comer insectos.</p><p>Sin embargo, los hombres lagarto son muy tolerantes en ese sentido, y no tienen aversión a la reproducción de insectos.</p><p>Si la subzona de ""ganado"" es fácil para los humanos obtener alimento, entonces los ""insectos"" también son un poco útiles para los hombres lagarto.</p><p>""Por supuesto, la cría de insectos requiere un buen nivel de habilidad. Además, si comes insectos de la misma manera...</p><p>Esta vez, la nebulosa dirigió su atención al segundo grupo.</p><p>Era un grupo de programadores.</p><p>De hecho, fueron estas criaturas acuáticas y los humanos anfibios los que disfrutaron más comiendo insectos.</p><p>Incluso a nivel de la cultura de la Edad del Bronce, la cría de insectos era posible, y también comenzaron a establecerse en ríos y lagos donde se desarrolló la civilización.</p><p>De hecho, el grupo de Frogman, ubicado en la parte suroeste del desierto con vistas a la nebulosa, contaba con hasta 500 personas, tan grande que era difícil detectar la primera tribu.</p><p>""Pero ser una criatura acuática no es necesariamente una fortaleza. Donde no hay agua, no se puede comportar adecuadamente hasta que no se tenga un alto nivel de tecnología. No hay lugar para la aventura en este juego. Tienes que ser capaz de tomar decisiones flexibles, pero ¿puedes hacerlo con estos tipos?'.</p><p>Nebula reflexionó un momento.</p><p>– ¿Reptiles o anfibios?</p><p>Entonces eligió su primera tribu.</p>"
Capítulo (3),"<p>Episodio 003</p><p>Los jóvenes lagartos heridos seguían la retaguardia de la manada.</p><p>La herida en su hombro que había sido arañada por el tigre dientes de sable no hacía mucho no se había curado bien. Se debió a la falta de nutrición. Cada paso estimulaba sus heridas y su resistencia era tan baja que su ritmo era lento.</p><p>Los treinta y tantos sobrevivían a base de las escasas aves y bestias extraviadas que habían pasado por el desierto, y a los más débiles que no habían podido participar en la caza sólo se les daban los huesos que habían sido arrancados de su carne.</p><p>Los Hombres Lagarto heridos lo daban por sentado.</p><p>Es natural que los que logran cazar coman más carne.</p><p>Aquellos que no han podido cazar deberían estar agradecidos por el simple hecho de dejar atrás los residuos.</p><p>La manada podría haber dejado atrás a los más débiles y a los pacientes para encoger la boca, pero al menos no todavía.</p><p>No fue solo por simpatía.</p><p>Algunos miembros del grupo sentían una deuda de gratitud con ese Hombre Lagarto, La'Krak, que recientemente se había ganado un nombre que significaba ""el herido"".</p><p>El joven Hombre Lagarto fue el único que se enfrentó al tigre dientes de sable cuando apareció hace un rato y todos los demás huyeron de espaldas a él.</p><p>Gracias a esto, la horda no sufrió ningún daño, excepto las heridas de Rakrak.</p><p>Sin él, muchos habrían muerto o resultado heridos y, en el peor de los casos, la manada se habría desintegrado por completo.</p><p>De lo contrario, eran expulsados del redil mayor porque estaban enfermos, viejos y débiles, y porque protegían esas cosas débiles.</p><p>Sin él, habría sido difícil para todos sobrevivir.</p><p>Pero Lakrak sobrevivió mucho más de lo que todos esperaban.</p><p>Uno a uno, los que sentían lástima por la médula ósea que le dejaban a La'Krak estaban pensando en ello.</p><p>Si tienen la suerte de encontrar un nido de termitas, la manada tiene que recoger las termitas y comérselas a su disposición, y solo entonces el diestro Lakrak pudo llenar su estómago con comida adecuada.</p><p>Algunos de ellos no lo dijeron exteriormente, pero pensaron que era una pena.</p><p>Si Ra'Krak hubiera muerto manteniendo a raya al tigre dientes de sable, habría podido enterrarlo e irme.</p><p>Pero el grupo sabía lo que era ser abandonado por otros, así que siguieron el ritmo lento de La'Krak.</p><p>El propio Lakrak pensó que habría sido mejor morir entonces.</p><p>Me odiaba a mí misma por ser una molestia para todos.</p><p>El desierto era demasiado ancho y no había suficiente para comer.</p><p>No todos pueden sobrevivir, y es natural que los débiles sean eliminados.</p><p>Sin embargo, extrañamente, los pasos de La'Krak nunca se detuvieron, e incluso si pensó que este era su último paso, encontró la fuerza para dar el siguiente paso.</p><p>– ¿Qué es eso?</p><p>Los ojos de La'krak se desvanecieron y sus ojos se desviaron hacia una pequeña colina en el desierto.</p><p>El líder de la manada parecía haberlo perdido porque estaba cansado y caminaba con la cabeza gacha, pero había algo como una niebla negra en la colina. La niebla negra era visible desde lo alto de la colina y luego desaparecía más allá.</p><p>– ¿Es una ilusión delirante?</p><p>Pero también pude oír un leve zumbido. Lakrak también tenía buen oído.</p><p>La'Krak alternó entre el grupo y la niebla negra de la colina, y luego decidió subir la colina.</p><p>Suena ridículo, pero pensó que su suposición era correcta.</p><p>Algunos miembros del grupo se detuvieron mientras observaban a La'Krak subir la colina.</p><p>Se preguntaban si La'Krak estaba tratando de separarse del grupo.</p><p>Finalmente, todo el grupo se detuvo para mirar a Lakrak.</p><p>Algunos decían que debíamos irnos, y otros decían que no.</p><p>Mientras hablaban, La'Krak gritó algo desde lo alto de la colina.</p><p>Lo que Lakrak encontró fue un enjambre de escarabajos.</p><p>Los escarabajos habrían sido incómodos para otras razas, pero eran un bocadillo para los hombres lagarto, y una comida si había suficientes de ellos.</p><p>El enjambre de escarabajos no se apareó, no se alejó del área estrecha y no escapó de las manos de Lakrak ni de los otros hombres lagarto.</p><p>Como si todos hubieran decidido convertirse en un alimento decente. Fue una sorpresa.</p><p>Todos los Hombres Lagarto pudieron darse un festín ese día.</p><p>Y La'Krak, que estaba lleno, pasó el resto de su vida reflexionando sobre cómo pudo haber sucedido esto.</p><p>─┼</p><p>""El grupo Hombres Lagarto 1102-1 reconoció un milagro. 」</p><p>Nebula se sintió aliviada al ver la ventana de estado frente a él.</p><p>Como dijo Aldin, la interfaz era exactamente igual que la del juego Lost World.</p><p>El subreino de los insectos era capaz de manipular o crear insectos consumiendo su fe.</p><p>Por supuesto, esta manipulación y creación era diferente a la del juego.</p><p>En el juego, tuve que elegir entre varios métodos presentados por el sistema, y en este planeta, pude controlarlo cuidadosamente de acuerdo con la voluntad de la nebulosa.</p><p>""Sin embargo, ese tipo de control no parece inútil en este momento"".</p><p>Había varias razas en el Mundo Perdido, y todas tenían sus pros y sus contras.</p><p>Naturalmente, los humanos son la especie más popular, pero los humanos son menos resistentes a los parásitos y las enfermedades, y tienden a ocultar su comida relativamente bien. También es complicado tener pocas capacidades físicas. Después del juego medio, aunque es una carrera decente en muchos sentidos, no era la carrera recomendada para comenzar según los jugadores de Lost World.</p><p>No había tribus humanas en las regiones nebulares.</p><p>""Debido a su destreza, es mejor incluirlo en el medio"".</p><p>Los Hombres Lagarto, por otro lado, tienden a crecer rápidamente y crecen rápidamente.</p><p>Había razas como los orcos que compartían las mismas fuerzas, pero eran los hombres lagarto los que tenían el mayor número de tribus en la nebulosa.</p><p>La nebulosa avanzó hacia su siguiente plan.</p><p>""Después de reconocer el milagro, reconocerás a la divinidad"".</p><p>Nebula decidió nombrar a los Hombres Lagarto como el ""Enjambre Larrak"" primero.</p><p>Incluso en los Juegos del Mundo Perdido, había individuos que eran sensibles a los milagros, y parecía ser lo mismo aquí.</p><p>Tal vez Lakrak sería importante para Nebula.</p><p>– Yo también voy a ser importante para La'Krak.</p><p>Nebula usó repetidamente el milagro de crear enjambres de escarabajos alrededor de los Hombres Lagarto.</p><p>En el momento en que tuvieron hambre, apareció un enjambre de gusanos y, sin falta, La'Krak los vio y lideró al grupo.</p><p>El clan no tenía un líder en particular, pero en algún momento, Rakrak comenzó a liderar el grupo.</p><p>""No es muy diferente a cuando estoy jugando"".</p><p>Cuando ocurre un milagro, los seres inteligentes saben que es algo maravilloso.</p><p>Y cuando los milagros se repiten, creo que hay un ser que hace cosas asombrosas.</p><p>Es la realización de la existencia inevitable, no la existencia accidental.</p><p>""El grupo de La'krak ha reconocido a la Divinidad 'Dios Escarabajo sin Nombre'. 」</p><p>Nebula se rió ante la mención del dios escarabajo.</p><p>""Bueno, para empezar, no tienes un gran nombre"".</p><p>A medida que los seres inteligentes avanzan en civilización y tecnología, también lo hace el nombre de Dios.</p><p>Después del milagro, tomó conciencia de la divinidad.</p><p>Pero no fue suficiente.</p><p>""Para tener fe, no tienes que ser consciente de los milagros y la divinidad"".</p><p>Pero no estaba preocupado.</p><p>Si el plan de Nebula salía según lo planeado, el próximo milagro le daría lo que quería.</p><p>─┼</p><p>Lakrak encontró otro enjambre de escarabajos.</p><p>Después de unos días de depredación, la herida en su hombro se estaba curando.</p><p>Además, la manada también dependía de La'Krak, que tenía ojos y oídos brillantes, que podía detectar fácilmente enjambres de escarabajos.</p><p>Algunos de los Hombres Lagarto que habían hablado con dureza a La'Krak incluso se han disculpado.</p><p>Lakrak aceptó la reconciliación, pero dijo que solo tuvo suerte.</p><p>Algunos de los Hombres Lagarto estaban avergonzados de la actitud de La'Krak y estaban arrepentidos. Siempre podrían ser un grupo mejor.</p><p>Aparte de eso, La'Krak sospechaba de este misterioso enjambre de escarabajos.</p><p>Los Hombres Lagarto habían perdido su civilización pasada durante tanto tiempo que quedaban pocas historias.</p><p>Sin embargo, se decía que una de las razones por las que los dioses en los que confiaban se habían ido era debido a un brote de maldad que ni siquiera los dioses podían detener.</p><p>Tal maldad todavía existe hasta el día de hoy, y a veces aparece ante la tribu para tentarlos y llevarlos a la destrucción.</p><p>—Bueno, los vagabundos que han sido expulsados del grupo.</p><p>Los vagabundos eran impotentes, y eran narradores que inventaban historias para inventar mentiras por el simple hecho de mendigar.</p><p>Pero ahora que La'Krak vio que el Dios Escarabajo Sin Nombre, que estaba creando un enjambre de escarabajos, los estaba guiando a alguna parte.</p><p>Y la dirección era hacia el norte.</p><p>Pronto llegará el invierno.</p><p>Los Hombres Lagarto fueron capaces de sobrevivir al invierno, pero los linajes de sus antepasados de sangre fría aún se vieron afectados.</p><p>En invierno, el cuerpo se vuelve lento.</p><p>En invierno, cuando la comida escasea, solo podrán trabajar durante el día cuando salga el sol, y muchos morirán de hambre.</p><p>Entonces tuve que al menos atravesar el desierto y encontrar un bosque con mucha leña para mantenerme caliente.</p><p>Originalmente, las hordas de Lakrak se dirigían hacia el sur.</p><p>Pero el enjambre de escarabajos condujo a la manada hacia el norte.</p><p>Hasta ahora, ha sido favorecido por el enjambre de escarabajos, pero desde una perspectiva más amplia, la guía del enjambre de escarabajos podría ser una trampa.</p><p>Pero hay tiempo antes de que llegue el invierno. Estarás bien para encontrar el próximo enjambre de escarabajos y luego bajar'.</p><p>Lakrak pensó en esto mientras caminaba hacia el enjambre de escarabajos frente a él.</p><p>Pero era extraño.</p><p>Este enjambre de escarabajos no se acerca lo suficiente como para acercarse.</p><p>Lakrak rápidamente se dio cuenta de que el enjambre de escarabajos se estaba moviendo.</p><p>'Dios Escarabajo sin Nombre... ¿A dónde nos llevas?'.</p><p>Los hombres lagarto de mal genio se abalanzarían, pero los escarabajos se alejarían más rápido.</p><p>Lakrak celebró una reunión para decidir si seguir a los escarabajos o darse por vencido y dirigirse hacia el sur.</p><p>Casi todos, excepto el escéptico Lakrak, dijeron que seguirían a los escarabajos.</p><p>Lakrak estaba decidido a compartir su destino con la manada, incluso si eso significaba ser una trampa.</p><p>El grupo de Lakrak caminó durante la noche durante dos días completos.</p><p>Lakrak cargó al Hombre Lagarto más joven en su espalda y tomó la delantera.</p><p>El enjambre de escarabajos comenzó a subir una pequeña colina que se elevaba a través del desierto.</p><p>Los escasos arbustos hicieron que Rakrak se preguntara.</p><p>Porque había poca hierba creciendo en el desierto estéril.</p><p>Sin embargo, a medida que subíamos la colina, llegamos a un amplio manantial.</p><p>El manantial estaba rodeado de arbustos y árboles, y detrás de la colina fluía una pequeña cascada y un arroyo del manantial.</p><p>Un pequeño conejo se asomó a través de los árboles y huyó, divisando una extraña especie.</p><p>Un enjambre de escarabajos volaba en círculos alrededor de La'Krak como si hubieran hecho su trabajo.</p><p>Lakrak recogió uno de los escarabajos y se volvió hacia el sorprendido grupo que acababa de subir la colina.</p><p>""¡El Dios Escarabajo Sin Nombre nos ha llevado al Santuario!""</p><p>La multitud estalló en vítores de alegría.</p><p>─┼</p><p>""Las Hordas de Larrak dan las gracias al Dios Escarabajo Sin Nombre. 」</p><p>""Vuestro Nivel Sagrado ha sido elevado. 」</p><p>「1 → 2」</p><p>""Mi fe se ha elevado. 」</p><p>「3/10 → 36/50」</p><p>""Se ha elevado el nivel de 'Subárea: Error'. 」</p><p>「1 → 2」</p><p>""'Bendición del Bicho' ha sido levantada. 」 Capítulo 3
Íntegro
Considerar
Hija
Exclusivo
Familia
Fantasía
Tonto
Fortuna
Bloqueo de anuncios
 Capítulo 3
Íntegro
Considerar
Hija
Exclusivo
Familia
Fantasía
Tonto
Fortuna
Bloqueo de anuncios</p>"
Capítulo (4),"<p>Episodio 004</p><p>La nebulosa confirmó que el nivel de Divinidad y el nivel de subdominio del gusano habían aumentado.</p><p>El nivel de Divinidad solo aumenta la restricción de la fe en las primeras etapas, por lo que no hay necesidad de prestarle atención de inmediato.</p><p>Más importante aún, la subárea de los gusanos estaba elevada.</p><p>Solo he alcanzado el nivel 2, pero ahora que estoy en el nivel 2, puedo dar bendiciones.</p><p>""Ahora puedo personalizarlo"".</p><p>En el juego Lost World, cuando se levantaba el subreino de un jugador, podían otorgar habilidades especiales a los creyentes que lo apoyaban.</p><p>El nombre del sistema es ""Bendición de Dios"", pero entre los jugadores se llama ""Costumbre"".</p><p>Por ejemplo, si tuvieras una subárea de fuego, podrías hacerla resistente al calor, y si tuvieras un subdominio de hierba, podrías hacerla resistente a varios perros de hierba.</p><p>Desde otro punto de vista, podría evolucionar.</p><p>Estas bendiciones cambiaron la apariencia externa de la raza y continuaron transmitiéndose a sus descendientes.</p><p>""Solo hay un problema"".</p><p>Se necesitaban 10 de fe para otorgar una bendición a uno.</p><p>Actualmente, la fe de la Nebulosa es de 36 y la máxima es de 50.</p><p>Hay alrededor de tres buenas bendiciones por subárea, así que si le das todas las bendiciones a una sola, estás agotando toda tu fe.</p><p>""Por supuesto, si el individuo bendito continúa multiplicando su descendencia, su número aumentará naturalmente, por lo que no es costoso, pero ...""</p><p>No podemos esperar para siempre.</p><p>Teniendo en cuenta que tendría que obtener más subreinos más adelante, bendecir esas subáreas y apoyarlas con otros milagros, tendría que dar bendiciones al grupo de Rakrak en un futuro cercano.</p><p>""Necesitamos reunir más fe"".</p><p>Afortunadamente, había muchas maneras de reunir la fe, y había muchas cosas que se podían hacer en esta etapa.</p><p>""En primer lugar, debemos hacer de La'Krak un sacerdote.""</p><p>El sacerdocio fue una posición viable hasta la Edad Media.</p><p>Elegir un sacerdote le permitiría gastar un poco de fe y dar pistas apropiadas a través de los sueños.</p><p>Además, Rakrak también era una ""entidad especial"" con una estadística especial alta.</p><p>『Rakrak (Guerrero Nv.1)</p><p>14 Fuerza</p><p>15 Inteligencia</p><p>Habilidades Sociales 16</p><p>Voluntad 9』</p><p>¿Es por la experiencia de salvar a un compañero del tigre dientes de sable? ¿O tenía esa experiencia porque tenía esa habilidad? De cualquier manera, la fuerza de voluntad es una buena estadística"".</p><p>La estadística de la fuerza de voluntad es la base para no darse por vencido cuando se intenta algo y trabajar duro sin rendirse.</p><p>El número 9 puede parecer pequeño en este momento, pero una entidad normal ni siquiera aparece si sus estadísticas son promedio.</p><p>– Luego está el altar. Una estructura similar a un templo sigue siendo imposible, pero construir un altar no será un problema"".</p><p>En las creencias primitivas, el altar de las oraciones a los dioses era el fundamento de los cimientos.</p><p>Este tipo de altar era capaz de proporcionar un suministro constante de fe, y la fe de la multitud se fortalecía con los sacrificios sacerdotales.</p><p>""Y también necesitas una ofrenda para celebrar un sacrificio"".</p><p>Cuando las ofrendas en el altar se consumían de la manera apropiada para la subárea, se podía ganar mucha fe.</p><p>Y cuanto más preciosa e importante era la ofrenda, y cuanto más difícil era obtenerla, más fe se podía ganar en proporción, porque era prueba de la fuerte fe en Dios.</p><p>Pero había una trampa.</p><p>""Me recuerda a los primeros días de los Juegos del Mundo Perdido"".</p><p>Una vez que se conoció el mecanismo entre el sacrificio y la fe, muchas personas quedaron fascinadas por la construcción especial.</p><p>Lo más preciado e importante que puedes obtener en el juego, y lo más difícil de conseguir para ser ofrecido en el altar, y luego obtener un gran recurso de fe.</p><p>Se llama la construcción 'Ofrenda Humana'.</p><p>Las personas son lo más valioso.</p><p>Pero no era una construcción muy popular.</p><p>Era brillante y garantizaba un alto porcentaje de victorias, pero era una construcción rápida de Pahweh.</p><p>Los sacrificios humanos, es decir, el sacrificio vivo de la propia tribu o de los compatriotas, están destinados a arruinar los asuntos internos como resultado.</p><p>Hay más temor de Dios que confianza en Dios.</p><p>A medida que la disciplina social se vuelve rígida, los sacerdotes crean restricciones y leyes que los jugadores no pretenden, y si las rompen, las sacrifican.</p><p>Es difícil que las civilizaciones tecnológicas se desarrollen, y se vuelve difícil de transferir a otras construcciones a medida que los recursos humanos que deberían producir resultados más valiosos se convierten en fe.</p><p>'Oh, por supuesto, el uso de una raza no propia como un sacrificio vivo es válido en algunos casos, pero...'</p><p>Incluso entonces, hubo un problema debido a la ruptura de las relaciones diplomáticas en lugar de los asuntos internos.</p><p>A menos que hubiera una circunstancia especial, como la civilización azteca que existía en la Tierra, tal construcción no era mejor que una estándar.</p><p>Nebula ni siquiera pensaba en sacrificios humanos, pero necesitaba una ofrenda.</p><p>""Las fuerzas de Lakrak tienen que asumir el reto"".</p><p>Nebula juzgó que la ubicación de la horda de Lakrak no era muy buena.</p><p>Una península a la que es difícil llegar hacia el continente.</p><p>La naturaleza es una gran parte de ella, y hay una falta de recursos útiles en los primeros días.</p><p>Tuve que arriesgarme para salir adelante.</p><p>""No es una ofrenda humana, pero necesito una ofrenda viva. Es un tipo grande'.</p><p>Pero no había nada grande en el grupo de Rakrak.</p><p>El grupo de Lakrak estaba encaramado en una colina con vistas al desierto, pero el bosque que pensaban que era grande era solo un entorno creado por un arroyo que bajaba de la colina.</p><p>El bosque no es amplio. Después de eso, vuelve a ser el desierto.</p><p>El juego más grande en el bosque es el conejo.</p><p>En lo más profundo de la naturaleza, hay tigres dientes de sable que atacaron a Lakrak, dracos que son más fuertes que los tigres dientes de sable y manadas de búfalos que son presa de estos depredadores superiores.</p><p>Pero instar a las hordas de Lakrak, que acababan de empezar a establecerse, a partir de nuevo hacia el desierto, era problemático.</p><p>""Usemos el resto de nuestra fe para bendecir a La'Krak y pensemos en ello"".</p><p>Nebula miró al grupo de Lakrak.</p><p>─┼</p><p>Lakrak ha estado notando los cambios en su cuerpo últimamente.</p><p>Por ahora, las escamas en el exterior se estaban volviendo negras.</p><p>Al principio, temía que pudiera ser una enfermedad, pero después de quitármela, las escamas estaban lisas y más suaves que antes.</p><p>Era como un escarabajo.</p><p>También hubo otros cambios.</p><p>Originalmente un enano, Lakrak ahora se estaba convirtiendo en un tamaño promedio.</p><p>Pero su fuerza era más fuerte que la de cualquier otra persona.</p><p>Cuando se traía madera para construir chozas, nadie podía llevar un árbol más alto que Lakrak.</p><p>Hubo algunas cosas divertidas.</p><p>Había un hongo rojo brillante creciendo en el bosque que nunca había visto antes.</p><p>Al principio, Lakrak sospechó que podría ser venenoso, pero la piel escamosa de sus dedos le hacía sentir que no sentía nada que tocar.</p><p>Pensando que todo estaba bien, Lakrak mordisqueó algunos hongos, y cuando al día siguiente no había nada malo con ellos, se comió el hongo entero.</p><p>No estaba muy sabroso, pero tampoco me dolía.</p><p>Pero por alguna razón, los otros Hombres Lagarto del grupo que habían intentado comer el hongo rojo después de Lakrak se hincharon con solo tocarlo.</p><p>Después de unos días, la hinchazón disminuyó, pero debe haber sido venenosa.</p><p>Todos estos cambios eran una novedad, y su manada estaba asombrada por sus cambios.</p><p>El propio Lakrak se sentía así.</p><p>Esto podría haber sido enviado por el dios escarabajo sin nombre.</p><p>'Pero, ¿por qué Dios me dio este poder?'</p><p>Unos días después, Lakrak entendió por qué.</p><p>─┼</p><p>Lakrak se separó de la manada y caminó por el desierto.</p><p>Era para encontrar a alguien.</p><p>Después de caminar durante días y días, Lakrak vio la espalda de cierto Hombre Lagarto.</p><p>Era lo que Ra'Krak había estado buscando.</p><p>Contento de verlo, La'Krak salió corriendo y trató de agarrarlo, pero no pudo acercarse.</p><p>Desplomado por el agotamiento, La'Krak cayó de rodillas, y los Hombres Lagarto, cuyos únicos ojos eran visibles, se dieron la vuelta lentamente.</p><p>Entonces el cielo brillante se oscureció y el rostro de los Hombres Lagarto que La'Krak perseguía estaba envuelto en la oscuridad.</p><p>La'Krak intentó mirarlo a la cara, pero no pudo.</p><p>El misterioso Hombre Lagarto le tendió la mano.</p><p>La'Krak se preguntó si la mano estaba tratando de levantarlo, pero sabía que no era así.</p><p>Antes de que se diera cuenta, sostenía un cráneo de búfalo en sus brazos.</p><p>Enormes cuernos que sobresalían de entre las cabezas, cuencas oculares y fosas nasales perforadas, dientes aún firmemente unidos a la mandíbula superior.</p><p>Lakrak entregó el cráneo de búfalo a los Hombres Lagarto.</p><p>Los Hombres Lagarto le pusieron un cráneo de búfalo en la cabeza.</p><p>Luego volvió a extender la mano.</p><p>La'Krak miró sus manos para ver si tenía algo más que dar, pero no había nada.</p><p>Levantó la vista y los Hombres Lagarto desaparecieron.</p><p>Rakrak despertó de su sueño.</p><p>─┼</p><p>""Tienes que cazar búfalos de agua"".</p><p>Cuando La'Krak se despertó, reunió a la multitud y dijo las primeras palabras.</p><p>Zaol refunfuñó.</p><p>""Para cazar búfalos, tienes que adentrarte en la naturaleza"".</p><p>Zaol era originalmente un gran hombre lagarto que lideraba este clan.</p><p>Rakrak encontró el terreno sagrado y se lo entregó sin quejarse mucho, pero tenía la voz más influyente después de Lakrak.</p><p>Lakrak asintió.</p><p>""El dios escarabajo sin nombre quiere atrapar al búfalo"".</p><p>""¿Dios? ¿Has visto a Dios?""</p><p>""Sí. Hoy ha cumplido mi sueño"".</p><p>Lakrak aprovechó su suerte y contó la historia del sueño.</p><p>No importaba quién pensara en ello, me di cuenta de que Dios quería que sacrificara un búfalo.</p><p>Toda la multitud hablaba del sueño de Lakrak.</p><p>Zaol negó con la cabeza.</p><p>""Para atrapar un búfalo, todos los cazadores de la manada deben dar un paso al frente. Cuando todos los cazadores se vayan, ¿quién protegerá a los más débiles restantes? Los cazadores pueden perderse. Es demasiado peligroso"".</p><p>Tenía sentido.</p><p>Lakrak no odiaba a Zaol por expresar su oposición.</p><p>La fe ciega excluye las opiniones diversas.</p><p>Pero Lakrak tenía sus pensamientos.</p><p>""Me voy solo"".</p><p>—¿Qué?</p><p>""Dios apareció en mis sueños. Significa que lo haré"".</p><p>Zaol gruñó.</p><p>—No, señor. Hay mucha gente en la multitud que cree en ti y te sigue. ¿Vas a dispersar a la multitud? ¿Y cómo atrapas un búfalo de agua solo?""</p><p>""Te lo mostraré"".</p><p>Rakrak se levantó con una jabalina.</p><p>La jabalina, con su áspera punta tallada en piedra, era el arma favorita de Rakrak.</p><p>Rakrak se paró frente al grupo y señaló un viejo árbol en la distancia.</p><p>Rakrak se puso de pie una vez y arrojó su lanza.</p><p>En lugar de una parábola, se filmó una línea recta perfecta como una sola línea.</p><p>Con un ruido sordo, la lanza se estrelló contra el viejo árbol, que se rompió con un chirrido.</p><p>Al ver su maravilloso poder, Zaol cerró el hocico y la multitud aplaudió.</p><p>Lakrak miró a Zaol y caminó hasta el borde de la colina donde estaban los viejos árboles, para recoger la lanza.</p><p>Lakrak estaba a punto de sacar su lanza cuando vio la vista debajo de la colina y se detuvo.</p><p>La'Krak sonrió.</p><p>""¡Zaol! Mira eso. Nuestras disputas eran inútiles bajo la voluntad de Dios"".</p><p>Algo bajaba de la colina.</p><p>Era la manada de búfalos que Lakrak tenía la intención de sacrificar.</p><p>No eran un grupo grande, pero no parecían tener demasiado de qué preocuparse por la caza.</p><p>La manada de búfalos olió el agua en la colina y parecía acercarse lentamente.</p><p>Pero teniendo en cuenta que nunca se habían encontrado con una manada de búfalos en el largo camino hacia esta colina, deben haber perdido el rumbo.</p><p>Es extraño que una manada de búfalos de agua, que siempre se mueven de un lugar a otro, se pierda.</p><p>""A menos que haya un arreglo de Dios"".</p><p>Toda la manada dejó escapar un pequeño suspiro a la manada de búfalos.</p><p>Dios no había aparecido en el sueño de La'Khrak para dispersar a la multitud.</p><p>Lakrak sacó su lanza y dijo:</p><p>""¡El que quiera dar gloria a Dios, sígueme!""</p><p>A medida que Lakrak avanzaba, los cazadores de la manada lo seguían. Videos
Actores
Bloqueo de anuncios
Préstamo con mal crédito
Construir
Préstamo de coche
Capítulo 4
Íntegro
Considerar
Hija
 Videos
Actores
Bloqueo de anuncios
Préstamo con mal crédito
Construir
Préstamo de coche
Capítulo 4
Íntegro
Considerar</p>"
Capítulo (5),"<p>Episodio 005</p><p>Lakrak y su tribu cazaron cinco búfalos.</p><p>También hubo un argumento de que todas las ofrendas deberían ofrecerse al santuario tal como estaban, pero Lakrak dijo que no tenía que ser demasiado.</p><p>La nebulosa no necesitaba ir tan lejos. La caza continuaría de todos modos, y era importante alimentar a la tribu.</p><p>Lakrak se preguntó cómo el dios escarabajo sin nombre había movido a la manada de búfalos, pero por ahora, se centró en compartir la carne frente a él con la tribu.</p><p>Nebula sonrió mientras observaba a la tribu de La'krak cargar con el búfalo que habían cazado.</p><p>Las nebulosas no son dioses del ganado o de las bestias.</p><p>El único subdominio que tiene actualmente nebulosa es el de los insectos.</p><p>En otras palabras, se le podría llamar el ""dios de los insectos"".</p><p>Por lo tanto, no tienen el poder de controlar directamente el rebaño.</p><p>""Pero si usas bien los milagros, nada es imposible"".</p><p>Después de haber utilizado un método similar en el juego Lost World, Nebula pensó que sería capaz de mover la manada de búfalos sin ningún problema, e hizo un buen trabajo.</p><p>En este mundo, como en el Mundo Perdido, todo estaba conectado orgánicamente.</p><p>Las manadas de búfalos de agua pastan y migran.</p><p>Entonces, dependiendo de dónde coloques la hierba, puedes mover el búfalo.</p><p>""Pero eso no significa que sea el dios de la hierba"".</p><p>Pero la nebulosa era el dios de los insectos.</p><p>La nebulosa convocó a un ""enjambre de langostas"" a través de su divinidad aumentada.</p><p>Un enjambre de langostas pasta en la hierba.</p><p>No se puede crear hierba que las nebulosas no tienen, pero se puede destruir la hierba que existe.</p><p>Al pastar primero en la hierba en el camino del búfalo y estrechar lentamente la dirección de la manada de búfalos, era posible dirigir indirectamente al búfalo en la dirección deseada, ya sea hacia el este o hacia el oeste.</p><p>""A diferencia del juego, faltaba soporte para el sistema"".</p><p>El trabajo de ""mover la manada de búfalos"" comenzó mucho antes de que el oráculo fuera otorgado a Lakrak.</p><p>Para ser precisos, le había dado el oráculo a La'krak justo a tiempo para el día antes de que la manada de búfalos llegara a la colina.</p><p>'Entonces vamos a ver cómo hacen un altar y hacen ofrendas...'</p><p>─┼</p><p>El primer altar estaba en mal estado.</p><p>Los huesos de cinco búfalos se apilaron toscamente unos contra otros, y cuatro cabezas de búfalo intactas se colocaron en el altar, y una fue trepada viva.</p><p>Por supuesto, Lakrak nunca antes había hecho nada llamado ""ritual"", por lo que tenía una vaga idea de cómo ""hacer una ofrenda"", pero no había problemas de procedimiento.</p><p>Lo que importaba era la idea misma de ofrecer.</p><p>La oferta de Lakrak fue descuidada y torpe.</p><p>Después de un poco de prueba y error, Lakrak colgó al búfalo boca abajo en el altar para extraer sangre.</p><p>La sangre se enredaba entre los huesos y las cabezas de búfalo.</p><p>Con la sangre brotando, Rakrak y su tribu se inclinaron ante el altar.</p><p>Fue el único acto de los Hombres Lagarto rindiendo homenaje a algo superior a ellos mismos.</p><p>Pero eso fue suficiente.</p><p>""Lo único que importa en un ritual primordial es la devoción"".</p><p>Los insectos se quedaron atascados entre las cabezas de búfalo y los huesos que habían quedado intactos, y comenzaron a pudrirse lentamente.</p><p>""La fe se edifica sobre el altar. 」</p><p>""Mi fe se ha elevado. 」</p><p>「3/50 → 162/50」</p><p>– Lo has superado. Voy a usarlo rápidamente'.</p><p>Seguí a Rakrak y bendije a los Hombres Lagarto, que habían estado activos en la caza.</p><p>Era la misma bendición que Rakrak.</p><p>Las dos bendiciones fueron tranquilas.</p><p>La primera bendición era la ""cáscara dura"", que convertía la piel del bendito en una cáscara exterior dura similar a la de un insecto.</p><p>La segunda bendición es la 'Fuerza del escarabajo', que te hace fuerte como un insecto con una fuerte fuerza muscular para su tamaño.</p><p>Si había algo bueno en el reino de los ""bichos"", era que podía dar buenas bendiciones en lo físico, lo que era ventajoso para mantener el número tribal en combate o entornos extremos.</p><p>Así que no podía renunciar a la bendición de elevar mi físico.</p><p>La tercera bendición en la que tuve que pensar fue en la ""resistencia a las toxinas"".</p><p>Aunque los hombres lagarto eran buenos para recoger cualquier cosa, eran menos capaces de resistir los venenos químicos aparte de las bacterias y los gérmenes.</p><p>Me pareció que para que comieran bien independientemente de su comida, era mejor agregar fortalezas a fortalezas.</p><p>'Porque... Con el tiempo, nos quedaremos sin recursos alimenticios por aquí"".</p><p>Las criaturas de pastoreo consumen mucho.</p><p>Por suerte, la manada de Lakrak conocía un nivel rudimentario de ahumado, y tenían bastante carne de búfalo de agua en la tienda.</p><p>Por el momento, no podrá encontrar comida, por lo que puede concentrarse en construir su hogar y cuidar su hogar.</p><p>""Entonces el número de la manada aumentará"".</p><p>Pero eso no duró para siempre.</p><p>El lugar donde se encuentra el grupo de Lakrak es una pequeña colina en medio del desierto, y no durará muchos años.</p><p>""Estos tipos no saben de agricultura"".</p><p>Saben cómo desenterrar plantas de raíz, pero no saben que tienen que dejarlas y enterrarlas de nuevo, que tienen que reproducirse con las mejores semillas, o que mantienen vivos a los polluelos de búfalo y los aparean para hacerlos vivir.</p><p>""En mi corazón, me gustaría decirte por un milagro o un oráculo...""</p><p>De nuevo, esta parte era como el Mundo Perdido.</p><p>Transmitir ese tipo de ""conocimiento"" era imposible con las creencias actuales.</p><p>En términos de ambientación, significa ""violar la causalidad"", y no lo sé, pero parece aplicarse igual en este planeta.</p><p>Con el fin de impartir directamente el conocimiento en violación de la causalidad, se requiere un nivel de recursos de fe que es prácticamente imposible.</p><p>'Entonces... Es una forma de quedarse quieto"".</p><p>El proceso por el cual el ""conocimiento"" aparecía a la tribu era simple.</p><p>Es solo esperar sin un círculo.</p><p>Entonces, aparece un tipo inteligente entre la tribu que tienes, o accidentalmente encuentras una habilidad.</p><p>Y si esos conocimientos y habilidades pueden transmitirse a las generaciones futuras, la civilización progresará.</p><p>– Por supuesto que no tengo tiempo para eso.</p><p>Eso lleva demasiado tiempo.</p><p>Nebula sabía que solo había un puñado de personas en el grupo de Rakrak que empuñaban espadas de bronce.</p><p>Originalmente, el Mundo Perdido comenzó al final del período neolítico y el comienzo de la Edad de Bronce, así que sabía que tenía la tecnología para construir un brasero que pudiera fundir el bronce.</p><p>Pero la tribu Lakrak es una escisión de la tribu más grande y, como tal, su conocimiento será inexacto.</p><p>""El conocimiento y las habilidades se pueden perder en cualquier momento. Sobre todo antes del descubrimiento de la escritura.</p><p>La única forma de salir de la decadencia era que las tribus interactuaran, de tribu a tribu, de tribu a tribu de alguna manera.</p><p>Los Hombres Lagarto, en particular, pertenecían a un grupo de raza con altas estadísticas básicas y un lento ritmo de avance tecnológico.</p><p>Ahora que la existencia de Dios ha sido claramente demostrada, es hora de hacerle un nombre.</p><p>""Incluso si es un poco duro"".</p><p>La nebulosa ya estaba proyectando su milagro desde una tierra lejana, lejos de Rakrak.</p><p>Las nebulosas podían mover insectos, que podían mover manadas de búfalos, y cualquier otra cosa si tenían suficiente tiempo, voluntad y fe en que la manada de La'krak haría por ellos.</p><p>""Va a llevar algún tiempo"".</p><p>En el juego Lost World, pasaría en un instante, pero aquí puedes mover cada uno a mano. Podría haberlo hecho un poco más casualmente con la ayuda del sistema de juego, pero no tenía la intención de hacer eso.</p><p>Curiosamente, Nebula no encontró este trabajo aburrido o difícil.</p><p>Parecía que la forma de percibir el tiempo era completamente diferente a la de los humanos.</p><p>'Está bien, intentémoslo'.</p><p>─┼</p><p>Pasaron los años.</p><p>Lakrak y sus hordas estaban en deuda con los manantiales y los pequeños ecosistemas creados a partir de ellos, y sobrevivieron al invierno con facilidad.</p><p>Y muchos más fueron bendecidos por el dios escarabajo sin nombre.</p><p>Ahora incluso los niños del grupo fueron bendecidos por los dioses y estaban fuertes y sanos.</p><p>Incluso aquellos que al principio se sentían incómodos con las brillantes escamas negras, ahora estaban humildemente agradecidos y orgullosos de las bendiciones de Dios.</p><p>Pero los buenos tiempos nunca duran para siempre.</p><p>Lakrak percibió el lento declive de las colinas.</p><p>A medida que la multitud crecía, el pequeño manantial ya no podía soportar a la multitud.</p><p>Los peces habían desaparecido y las plantas de raíces eran ahora lo único que sabía fuerte.</p><p>Lakrak estaba frente al Altar de los Huesos.</p><p>Mirando este altar, Lakrak no pudo evitar pensar en el humilde primer altar años antes.</p><p>El altar frente a mí tenía unos 8 metros de altura.</p><p>El altar, densamente apilado con los huesos de docenas, tal vez más, de búfalos, constaba de tres niveles.</p><p>La cabeza del búfalo en cada escalón era impresionante.</p><p>""Lakrak, te levantas temprano"".</p><p>""Miré el altar. Tuve un sueño de la noche"".</p><p>—replicó La'krak, mirando a Zaol, que le había hablado—.</p><p>Al principio, Zaol no había reconocido a Ra'krak ni al dios escarabajo sin nombre, pero ya no.</p><p>Ahora toda la tribu estaba cubierta por una zancuda negra de dios escarabajo, y sus cuerpos eran tan fuertes que no serían entendidos excepto por los poderes divinos.</p><p>Incluso el guerrero más débil de la tribu podía degollar a un búfalo con su cuerpo desnudo.</p><p>Zaol, al igual que los otros Hombres Lagarto, ahora trataba a Rakrak como un jefe.</p><p>Desde que Lakrak se convirtió en jefe, veinte jóvenes Hombres Lagarto han nacido con buena salud. La tribu se acercaba a los cincuenta.</p><p>""¿Un sueño? ¿Es un oráculo?</p><p>""No lo sé. Es ambiguo"".</p><p>Lakrak contó la historia del sueño.</p><p>""A lo lejos, el altar temblaba precariamente. Miré a mi alrededor y vi que no había más peces en este estanque de bendición, y no pude encontrar ninguna planta de raíz cuando cavé"".</p><p>""Todavía no hemos llegado a ese punto"".</p><p>""No hasta ese punto, pero nuestro lugar se está volviendo cada vez más estéril. El último conejo que atrapaste hace dos meses fue el último conejo, ¿no?""</p><p>Zaol asintió.</p><p>""Pero, Lakrak, todavía queda mucho tiempo. El dios escarabajo sin nombre sigue enviándonos manadas de búfalos. No tenemos nada de qué preocuparnos mientras Dios cuide de nosotros"".</p><p>""Yo también creo en Dios. No nos abandonarán"".</p><p>Lakrak agarró la lanza y avanzó hacia el altar.</p><p>""Pero si nos quedamos cortos en discernir la voluntad de Dios, estaremos abandonando la voluntad de Dios. ... ¿No lo harías?</p><p>—Así es.</p><p>""Al amanecer envié a ti y a sus amigos hacia el oeste"".</p><p>""Oh, es por eso que no puedes ver a esos niños ruidosos. ¿Crees que es un oráculo?</p><p>—Sí, tal vez.</p><p>Sentado en el altar, Lakrak miró hacia el horizonte.</p><p>Luego se puso en pie de un salto, como si hubiera encontrado algo.</p><p>""También. Entiendo por qué el altar ha temblado"".</p><p>Zaol inclinó la cabeza y La'Krak tiró de su brazo.</p><p>Al mismo nivel de los ojos, Zaol podía ver lo que había en el horizonte.</p><p>Era un montón de algo.</p><p>Era demasiado lento para una manada de búfalos, y eran numerosos.</p><p>Pero no había nada de qué confundirse.</p><p>Era un espectáculo familiar para la vista.</p><p>Tenían hocicos largos, caminaban sobre dos patas con la espalda erguida, cubierta de escamas, y tenían largas colas colgando.</p><p>Otro grupo de Hombres Lagarto.</p><p>Tenían ardilla azul, al igual que Lakrak lo había hecho en el pasado. academia
Bloqueo de anuncios
Negro Heyred
Íntegro
Considerar
Dowter
Famili
Phantash
hierba
Fortuna
 academia
Bloqueo de anuncios
Negro Heyred
Íntegro
Considerar
Dowter
Famili
Phantash
hierba</p>"
Capítulo (6),"<p>Episodio 006</p><p>Lizardman View había reinado durante mucho tiempo sobre su tribu y los pantanos.</p><p>Había sido un gigante desde que salió del huevo, y tenía el don de hacer que los otros Hombres Lagarto fueran dóciles y sumisos, con un temperamento feroz que asustaría incluso a los otros Hombres Lagarto.</p><p>Pero si ese fuera el caso, habría sido difícil para él sobrevivir mucho tiempo en su tribu, a la que Bue llama la Serpiente Gigante Azul.</p><p>Es difícil calificar como el jefe de una enorme tribu de 300 hombres siendo rudo y feroz.</p><p>La vista era buena en aritmética.</p><p>Por ejemplo, 300 hombres lagarto pueden prosperar en un pequeño pantano que se puede cubrir en aproximadamente medio día.</p><p>Pero cuando se trata de 310 o 320 en lugar de 300, ese no es el caso.</p><p>Los humedales se van agotando poco a poco.</p><p>No tardan mucho en comerse todas las plantas de raíz, cazar todos los animales pequeños y, finalmente, pelar la corteza de los árboles.</p><p>Debido a esto, Bue regularmente seleccionaba a los débiles, los enfermos y los ancianos de su tribu y los arrojaba de la tierra.</p><p>Tan solo diez personas a la vez, hasta treinta.</p><p>De esa manera, los Hombres Lagarto restantes pueden tener un pequeño período de gracia.</p><p>Por supuesto, los Hombres Lagarto no se van fácilmente.</p><p>Debido a esto, siempre tenían que ver sangre cuando eran despedidos.</p><p>En esos momentos, era Drake Manun quien ayudaba a Vue.</p><p>Era otro talento de Bue.</p><p>Cuando era joven, Vue recogió el huevo de Drake y vio el momento en que nació Manun.</p><p>Manun era feroz, pero siguió a Bue, quien lo alimentó y crió, y estaba dispuesto a permitirle la espalda.</p><p>Este lagarto cuadrúpedo había crecido hasta tal punto que parecía ridículo para el tigre dientes de sable, y era capaz de moverse ágilmente incluso con un bue descomunal.</p><p>Antes de que decidiera dejar ir a los otros Hombres Lagarto, hubo quienes lo atacaron.</p><p>Para no tener que lidiar con la aritmética de Bue, Bué tendría que morir.</p><p>Pero el Drake Manun, de cinco metros de altura, protegió a Bue, y Bue y Manun estaban felices de matar a los traidores.</p><p>Después, Bue usó el poder de Manun para defender su pequeño territorio.</p><p>Vue no pensó en los Hombres Lagarto que había expulsado del desierto.</p><p>Vue había expulsado a los Hombres Lagarto cinco veces en su vida hasta el momento, y ninguno de ellos había sido visto de nuevo.</p><p>Lo que vio fueron los 300 Hombres Lagarto restantes.</p><p>Vue pensó que su aritmética era innegablemente correcta.</p><p>Pero esa es una historia hasta hace un tiempo.</p><p>Las marismas, que no eran abundantes pero tampoco estériles, fueron atacadas por enjambres de langostas.</p><p>Era el primer enjambre de langostas que un espectador sobreviviente había visto en su vida.</p><p>Un enjambre de langostas tan grande que el cielo de la marisma es negro y oculta el sol.</p><p>Al principio, pensé que era un trozo de carne raro para llenar.</p><p>Pero no era auspicioso, era malo.</p><p>Las langostas carcomieron las hierbas y los árboles de las marismas, secando y matando a las otras plantas y animales que vivían en armonía con ellas.</p><p>Algunas de las langostas incluso atacaron a los Hombres Lagarto más débiles.</p><p>La mitad de los humedales tardaron menos de dos días en desaparecer.</p><p>La aritmética de Bueh ya no funcionaba para esta rareza.</p><p>Vue sabía que su grupo de ardillas azules tenía que irse.</p><p>Eso también en la dirección opuesta a la de donde vinieron las langostas.</p><p>Al desierto, donde tantos habían expulsado a los Hombres Lagarto, que tantos habían ido.</p><p>─┼</p><p>Lakrak reconoció a Bueh.</p><p>No se veía muy diferente de cuando fue expulsado de la tribu.</p><p>Bueh medía más de dos metros y cincuenta centímetros de altura, tan grande que los otros Hombres Lagarto parecían niños.</p><p>Pero la fuerza de Bué no era solo su tamaño.</p><p>""Drake Manun... ¿Es más grande?""</p><p>Vu estaba encaramado en la cima de Drake Manun.</p><p>Aunque no es comparable a los dragones, Drake es un ser absoluto que no tiene antagonistas en este desierto.</p><p>Si se tratara de un grupo ordinario de Hombres Lagarto, ni siquiera treinta o cincuenta podrían garantizar la victoria.</p><p>—dijo Zaol preocupado—.</p><p>""Ese lagarto debe haberse comido todos los pantanos verdes"".</p><p>""Nunca se sabe. Tal vez algún día lo haga"".</p><p>Incluso cuando estaba en el grupo de ardillas azules, pensó que estaba comiendo demasiado.</p><p>A pesar de que ellos mismos cazan para alimentarse, no hay mucha comida para comer en la naturaleza.</p><p>Sin él, la tribu habría podido mantener a los débiles durante más tiempo.</p><p>El deseo de Bue de tener en sus manos a Drake había llevado a los otros Hombres Lagarto al desierto.</p><p>""Todavía estoy solo. Estúpido codicioso"".</p><p>A medida que pasaba el tiempo, Ur y sus amigos, que habían salido en un viaje de reconocimiento antes de Bué, se apresuraron a acercarse.</p><p>Lakrak explicó exactamente lo que vio.</p><p>El viejo y gordo Bue, el dragón gigante Manun en el que cabalga y los 300 hombres lagarto que lo siguen.</p><p>Vue vio el santuario del dios escarabajo sin nombre aquí y se acercó de inmediato.</p><p>—dijo Zaol preocupado—.</p><p>""Cuando lleguen, la vida del bosque pronto desaparecerá"".</p><p>—Lo sé.</p><p>—¿Vas a echarlos a patadas, entonces?</p><p>""¿Quieres que me echen?""</p><p>""Tenemos el poder. Son superados en número, y tienen al poderoso Drake Manun, pero bajo la protección del Dios Escarabajo Sin Nombre, confían en la victoria"".</p><p>Lakrak asintió.</p><p>Era una de las respuestas favoritas.</p><p>Pero no era la respuesta correcta.</p><p>""Creo que deben haber sido enviados por Dios"".</p><p>""¿Sí? ¿Por qué Dios nos pone a prueba?""</p><p>""Estamos abandonados, pero estamos salvados. Al ver que todos se movían, ellos también. Deben haber sido abandonados por la tierra. Debemos salvarlos. Por lo tanto, el nombre del dios escarabajo sin nombre debería ser conocido por más personas"".</p><p>—¿Pero cómo...?</p><p>Naturalmente, es más difícil subyugarlos que expulsarlos.</p><p>Si no hay más combatientes, se dividirán y huirán.</p><p>Pero las cifras son más altas allí, y será difícil someter a todos los que huyen.</p><p>""No me atrevo a considerar la voluntad de Dios. Solo hago lo que puedo hacer"".</p><p>─┼</p><p>Nebula estaba intrigada por la conversación entre La'Krak y Zaol.</p><p>– Sabes lo que quería, ¿verdad?</p><p>En otras palabras, la nebulosa tenía el control total de Rakrak.</p><p>""A otros jugadores no les gustan las entidades de alta fuerza de voluntad"".</p><p>Tener un alto nivel de fuerza de voluntad significa que pueden ocurrir acciones individuales.</p><p>Si actúas fuera de tu control en un juego de simulación, seguramente te meterás en problemas.</p><p>Por supuesto, la voluntad en sí misma es un esfuerzo constante para lograr algo, y las acciones fuera de control pueden conducir a buenas acciones como resultado, pero a muchos jugadores no les gustaban los personajes que estaban fisiológicamente motivados por su voluntad.</p><p>La nebulosa era diferente.</p><p>""El hecho de que seas de carácter fuerte no siempre significa que no quieras hacer lo que quieres. Si puedo dirigir esa fuerza de voluntad en la dirección que quiero, entonces voy a ser más fuerte que simplemente manipularla"".</p><p>En cualquier caso, lo que Nebula quería era unir a las tribus.</p><p>La tribu de Lakrak se ha fortalecido con la nebulosa, pero su nivel de habilidad es bajo.</p><p>Por lo que hemos visto, el Clan del Bambú Azul posee algunas técnicas para determinar la nebulosa.</p><p>La tecnología se utilizaría para alimentar a toda la tribu y desarrollar la civilización en el futuro.</p><p>""Al final, el clan Rakrak debe devorar al Clan Gigante Azul ileso.""</p><p>Mirando hacia la nebulosa, Ra'krak se acercó a Bue solo con su lugarteniente, Zaol, y Ur, un joven y robusto combatiente de élite, y sus amigos.</p><p>Al pie de la colina, me detuve y los vi bajar.</p><p>El viejo Bue se adelantó con Ma Eye a cuestas, y le dijo a Lakrak:</p><p>Vu no parecía saber que estos hombres lagarto negros eran los que había expulsado en el pasado.</p><p>""Joven Hombre Lagarto, ¿vives aquí?""</p><p>—Sí.</p><p>""¿Qué hay encima de esto?""</p><p>""Arbustos y árboles. Presa"".</p><p>Vue parecía asustado por su gran multitud y pensó que había respondido obedientemente.</p><p>""Eso es bueno. Tenemos hambre. Si dejas esta colina, no atacaremos"".</p><p>""Esta es nuestra tierra"".</p><p>—¿Y qué? ¿No te vas?</p><p>""Somos guerreros. Defendemos la tierra"".</p><p>""No se puede ganar. No sé cuántos más, pero...""</p><p>""Solo nosotros, frente a ti, podemos detenerlo"".</p><p>Ante eso, Vue se rió entre dientes.</p><p>""No sabes aritmética"".</p><p>""No conoces a Dios"".</p><p>—preguntó Bué, desconcertado por las palabras.</p><p>—¿Dios?</p><p>""Arrodíllate ahora y sométete a mí. Entonces te escudriñaré y te llenaré, conforme a la voluntad de Dios"".</p><p>""Eres un lunático. Muere"".</p><p>Vué dijo eso y le dio una palmada en la espalda a Drake Manun.</p><p>Los ojos de Manun se iluminaron mientras se abalanzaba sobre Rakrak.</p><p>Rakrak apretó su lanza.</p><p>La nebulosa no parecía tener prisa.</p><p>Desde que se convirtió en un dios, el paso del tiempo nunca se había sentido tan urgente para Nebula.</p><p>La forma en que Drake Manun se acercó a La'Krak también se sintió como una cámara lenta.</p><p>Solo quería demostrar que si La'Krak tenía tanta fe en él, le daría los resultados que se merecía.</p><p>Hay una ventana emergente.</p><p>""¡Choque de civilizaciones!""</p><p>""Dos tribus distintas entraron en contacto. Ambos clanes verán un aumento significativo en la experiencia. 」</p><p>Nebula desactivó la ventana emergente y comprobó su ventana de estado.</p><p>Nivel Sagrado</p><p>「4」</p><p>Fe</p><p>「482/500」</p><p>""Un subdominio: Error""</p><p>「Lv. 3」</p><p>He guardado algo de Fe para esta batalla, y mientras he estado controlando a las langostas, el subdominio de mi gusano ha crecido.</p><p>'Y...'</p><p>A continuación, una nueva estadística revelada por el contacto entre los dos clanes de Hombres Lagarto.</p><p>""Has prestado mucha atención a una tribu. Ahora bien, estas tribus pertenecen a tu dominio. 」</p><p>""Reino: Hombre Lagarto""</p><p>「Lv. 1」</p><p>En el Mundo Perdido, después de obtener la primera subárea al comienzo del juego, puedes obtener varias áreas adicionales dependiendo de tus acciones.</p><p>Es frustrante porque no puedes marcarlo hasta que consigas ese subreino, pero Nebula sabía por experiencia que ya podía poner a los Hombres Lagarto en el reino.</p><p>""Si no consiguiéramos esto, no podríamos ganar sin daño"".</p><p>El reino tribal no fue capaz de producir efectos dramáticos a diferencia de otros subdominios.</p><p>Por ejemplo, un subdominio de un gusano puede crear un gusano de la nada, pero un subdominio de un hombre lagarto no significa que se pueda crear un hombre lagarto desde cero.</p><p>Eso no quiere decir que esta área no sea útil.</p><p>Más bien, las primeras versiones del Mundo Perdido se centraban más en la rapidez con la que se podían obtener los subreinos de esta raza.</p><p>El reino de la raza es simple y fuerte.</p><p>'Eso significa...'</p><p>""A partir de ahora, podrás usar la habilidad 'Gang God'. 」</p><p>""¿Quieres usarlo?""</p><p>""Sí/No""</p><p>Nebula hizo clic en 'sí'. Íntegro
Considerar
Dowter
Famili
Phantash
hierba
Fortuna
Falta de juego
Juegos
Bloqueo de anuncios
 Íntegro
Considerar
Dowter
Famili
Phantash
hierba
Fortuna
Falta de juego
Juegos
Bloqueo de anuncios</p>"
Capítulo (7),"<p>Episodio 007</p><p>En el Mundo Perdido, los jugadores podían obtener habilidades adicionales cuando su nivel de divinidad aumentaba o ganaba áreas adicionales.</p><p>Por ejemplo, si tienes el Reino de los Gusanos de Gusano de Nivel 1, puedes usar Milagro, y si tienes Nivel 2, puedes usar Bendición.</p><p>""La subárea del gusano se ha elevado al nivel 3 y ha surgido una nueva habilidad, pero esta vez no será útil"".</p><p>El ""Dominio del Hombre Lagarto"" obtenido esta vez te dará ""Dios del Río"" en el nivel 1.</p><p>La razón por la que las habilidades son diferentes es porque el subdominio general y el área tribal son diferentes.</p><p>La espiritualidad es una habilidad simple.</p><p>'...!'</p><p>Nebula bajó la vista hacia su cuerpo.</p><p>Escamas solo negras.</p><p>Las afiladas garras eran más largas que la longitud de los nudillos.</p><p>Y se puede ver un hocico largo en la parte posterior del campo.</p><p>—¿Es este el cuerpo de Rakrak?</p><p>Los hombros de Lakrak miden más de dos metros de altura, por lo que el suelo parece lejano.</p><p>La sensación de tener cola también es algo desconocida.</p><p>Aprieta y abre los puños con cuidado.</p><p>""Puede llevar algún tiempo adaptarse por completo"".</p><p>Pero no tuve que adaptarme.</p><p>A pesar de que la nebulosa controlaba tranquilamente el cuerpo de Rakrak, Drake Manun era tediosamente lento mientras se abalanzaba sobre él.</p><p>""Pero no podemos darnos el lujo de quedarnos de brazos cruzados"".</p><p>""La fe declina mientras se usa la espiritualidad. 」</p><p>Fe</p><p>「482/500 → 477/500」</p><p>Mientras que la Nebulosa controla a Rakrak a través de la Espiritualidad, la Fe declina rápidamente.</p><p>Afortunadamente, el declive valió la pena.</p><p>""Echemos un vistazo a las estadísticas"".</p><p>『Bue (Guerrero Nv.1/Cacique Nv.4)</p><p>24 Fuerza</p><p>15 Inteligencia</p><p>Habilidades Sociales 16</p><p>Habilidad: Cría</p><p>Hombres Lagarto, Jefe del Clan de los Gigantes Azules</p><p>Vu era capaz de liderar a 300 Hombres Lagarto.</p><p>No es tan bueno, pero tampoco es tan malo.</p><p>""Si hubiera sido Bueman, no habría tenido que ser espiritual"".</p><p>Miré a Drake Maneye.</p><p>『Manun (Drake Lv.1)</p><p>87 Fuerza</p><p>6 Inteligencia</p><p>Habilidades sociales 9』</p><p>Su inteligencia y habilidades sociales están al nivel de un lagarto, pero no tanto como su fuerza.</p><p>Un monstruo indispensable.</p><p>Incluso el nivel de 1 de Drake significaba que todavía era joven.</p><p>Esta vez, miré las estadísticas de ""Rakrak"".</p><p>『Rakrak (Guerrero Nv.2/Líder del Clan Nv.2/Sacerdote Nv.1)</p><p>Fuerza 30 (+D3)</p><p>24 p. de inteligencia (+D3)</p><p>Habilidades Sociales 26 (+D3)</p><p>Voluntad 14 (+D3)</p><p>Jefe de la Manada de Larrak</p><p>Dolencia de estado: Adviento (Santo Nv. 3)』</p><p>La potencia del búfalo de agua es de aproximadamente 22.</p><p>Si son 30, basta con bloquear al búfalo desde el frente con el cuerpo desnudo y romperle el cuello.</p><p>Si se tratara de una confrontación cara a cara con Bue, probablemente aplastaría a Bue sin muchos problemas gracias a su modificador de inteligencia.</p><p>""Pero hay que dar el ejemplo para la vista, sin una gran pelea"".</p><p>Solo abrazando a la tribu sin dañar se compartirá el conocimiento dentro del gigante azul.</p><p>Afortunadamente, la nebulosa no parecía tener ningún problema con el plan.</p><p>Rakrak = Nebula estrelló la lanza contra el suelo.</p><p>La D después de la estadística de Lakrak significaba Divino.</p><p>Y el número que 1D omite es de unos 200, que es el número máximo de organismos que pueden existir de forma natural.</p><p>""En pocas palabras, la fuerza actual de Rakrak es de 630"".</p><p>Si el oponente tampoco posee divinidad, entonces la lucha contra los dioses ni siquiera tiene lugar.</p><p>Rakrak = Nebula abrió la boca y apretó la mandíbula superior del Manun que se abalanzaba con una mano.</p><p>Y de un solo golpe, lo volteó hacia atrás.</p><p>""Aaa</p><p>Cuando el gigante de cinco metros de altura se deslizó por el aire, estalló un grito que podría haber pertenecido a alguien.</p><p>El ya desequilibrado Bue se tiró al suelo.</p><p>-¡Explosión!</p><p>Al oír el zumbido de la tierra, algunos de los hombres lagarto de trineo azul se pusieron de pie.</p><p>Si le hubiera dado más poder, podría haber convertido a Drake Demon en un pastel de sangre, pero Nebula pensó que era demasiado.</p><p>Serán temidos en lugar de atemorizados.</p><p>""Drake es un desperdicio"".</p><p>Detrás de sus ojos atónitos al revés, Rakrak = Nebula se acercó a Bue.</p><p>Vu, que había caído a sus pies, se puso en pie cuando vio a los rugientes Hombres Lagarto azules.</p><p>""¡Oh, eso es ridículo! ¡Tú, bastardo!""</p><p>Vue no parecía comprender la situación.</p><p>Como nebulosa, pensé que era bastante cómoda.</p><p>Vue desenvainó su espada de bronce bien forjada y se abalanzó sobre Rakrak = Nebula.</p><p>La nebulosa pincha rápidamente.</p><p>-¡Rechinar!</p><p>El cuello de Vue se rompió, luego las rodillas.</p><p>El silencio se apoderó de los Hombres Lagarto azules.</p><p>Fuerza absoluta.</p><p>Claramente, algunos de ellos sintieron que no podían escapar.</p><p>Rakrak = Dijo Nebula.</p><p>—¿Quién es el siguiente?</p><p>Ante eso, los Hombres Lagarto azules cayeron en obediencia.</p><p>─┼</p><p>La colina estaba ahora demasiado abarrotada para la horda de 350 hombres de Lakrak.</p><p>Afortunadamente, incluso si los números no coincidían, los dos habían estado en el mismo grupo en el pasado, por lo que se conocían las caras.</p><p>Además, cuando el mito de la deidad de Lakrak y el dios escarabajo sin nombre comenzó a transmitirse a los miembros del Bambú Gigante Azul, estaban emocionados de envidia y anticipación por Lakrak.</p><p>Zaol se acercó a Lakrak mientras estaba sentado frente al altar.</p><p>—¿Estás bien?</p><p>—¿Qué?</p><p>""No dirías que la fuerza que mostraste hoy es tuya. ¿No ha habitado Dios en ti?""</p><p>Lakrak asintió.</p><p>""Está bien. No recuerdo mucho, pero recuerdo paisajes vagos. Tenía un poder inmerecido y desbordante. Y realizó los milagros de Dios mismo en su cuerpo. Ha hecho que nos sigan"".</p><p>""Pero ahora las colinas van a ser devastadas"".</p><p>""Tenemos que prepararnos para irnos"".</p><p>—¿Otra vez en el desierto?</p><p>""No tengo más remedio que hacerlo"".</p><p>""¿Confías en Dios para que te guíe?""</p><p>Zaol creyó que Rakrak asentiría.</p><p>Pero esta vez, La'Krak negó con la cabeza.</p><p>""Dios ya nos ha ayudado. Cuando tenemos hambre, Dios no nos ayuda"".</p><p>""Pero si vagamos por el desierto sin ninguna respuesta, moriremos de hambre"".</p><p>""No creo que haya respuestas"".</p><p>—¿Y entonces qué?</p><p>Lakrak ladeó la cabeza.</p><p>No parecía tener una respuesta evidente, pero parecía tener razón.</p><p>""El dios escarabajo sin nombre quería que nos uniéramos a la antigua tribu de 300 personas. Si es así, la respuesta puede estar dentro. Hemos estado aislados durante mucho tiempo, y son más numerosos, por lo que algunos pueden haber pensado sabiamente"".</p><p>—¿Te gusta la forma en que haces el hierro?</p><p>""Correcto. Ninguno de nosotros sabía cómo hornear hierro tan caliente. Ahora sé que algunos de ellos lo hacen bien"".</p><p>""Dio la casualidad de que una de las personas que sabía cómo hornear hierro le dijo al jefe tribal que quería presentar los productos"".</p><p>Lakrak asintió.</p><p>""Pero desearía que todos los guerreros pudieran armarse con él"".</p><p>—Te lo aseguro.</p><p>""Y...""</p><p>Zaol hizo un gesto con la mano como si no necesitara decir más.</p><p>""Voy a ver si puedo encontrar un guía. No había vagabundos entre nosotros, pero podría haberlos entre ellos. Y veré si hay alguien que tenga la sabiduría para ayudarme a cruzar el desierto"".</p><p>""Gracias. Solo confío en ti"".</p><p>Rakrak soltó a Zaol y se tumbó sobre los huesos del altar para refrescarse del calor que aún no había abandonado su cuerpo.</p><p>Uno de los huesos rodó y traqueteó.</p><p>─┼</p><p>Rakrak conoció a los tres Hombres Lagarto a través de la presentación de Zaol.</p><p>Uno de ellos era un fabricante de cuchillos del que se había hablado de antemano, y dijo que si Lakrak se lo permitía, podría quemar mucha madera para hacer hojas más duras antes de abandonar la colina.</p><p>Mirando la figura, Sungwoon se dio cuenta de que lo que su suegro estaba describiendo era ""vajilla de hierro"".</p><p>""El hierro es más común que el cobre, el estaño y el zinc utilizados para fabricar bronce. Pero si tienes la tecnología para aumentar tu potencia de fuego, ¿por qué no la has usado hasta ahora?""</p><p>Le pregunté si él también estaba desconcertado.</p><p>Y, como era de esperar, resultó que Bueh le había impedido quemar la madera.</p><p>Para Bue, era mejor para la tribu simplemente preservar el medio ambiente que hacerlo más difícil.</p><p>Y para cuando salieran del pantano, habrían tenido que irse a toda prisa, por lo que no habrían tenido tiempo de probar.</p><p>""Lo entiendo. Pero ahora Lakrak es diferente. Salir de las colinas, va a ser una prueba'.</p><p>Podría haber otorgado un oráculo, pero Nebula parecía tener razón.</p><p>""Si no reducimos el número de árboles en el cerro, nos beneficiaremos del regreso a esta tierra. Dejemos este asunto en manos de Rakrak.</p><p>Lakrak dijo que lo pensaría hasta el día siguiente, y despidió los cubiertos.</p><p>Lo siguiente que conocí fue al Hombre Lagarto manco.</p><p>""Tú... Eres un vagabundo"".</p><p>—Sí.</p><p>Un viejo Hombre Lagarto, el color de las escamas era diferente al del grupo negro de Rakrak, así como la faja azul.</p><p>Las especies no eran completamente diferentes, y había un ligero tinte verde en el azul, pero debe haber sido un grupo diferente.</p><p>""He oído que estás buscando un guía. No tengo brazos, soy viejo y debo confiar en la multitud. Así que tuve que ir y venir buscando gente que me aceptara. Así que sé cómo ver el camino. E incluso si no aterrizan, tengo en mi cabeza las tierras que evitarán que pasen hambre. Por supuesto, no puedo garantizarlo"".</p><p>Lakrak podía soportarlo.</p><p>""Habrá otros vagabundos, otras tribus"".</p><p>—Sí.</p><p>""Pero si podemos llevarlos al suelo, siempre podemos ganarlos"".</p><p>– Pensé que dirías eso.</p><p>—¿Puedes confiar en mí, entonces?</p><p>—¿Fe?</p><p>""Dirijo a una gran multitud. Tienes que tener fe en que no serás una tontería"".</p><p>El Hombre Lagarto manco pareció pensar por un momento.</p><p>Los Hombres Lagarto podían ver el cielo.</p><p>""Soy una estrella"".</p><p>—¿Atrapaestrellas?</p><p>""Cuando era más joven, estaba cerca de mi hermana y ella sabía dónde estaban las estrellas"".</p><p>—¿No se mueven las estrellas?</p><p>""¿No lo sabes? Las estrellas siempre están buscando su lugar"".</p><p>—¿Es así?</p><p>""Si sabes cuándo y dónde se mueven las estrellas, puedes navegar sin confundirte. Te diré dónde están mis estrellas hoy y a dónde iré mañana. Entonces solo tienes que recordarlo y ver si estoy en lo cierto"".</p><p>Lakrak asintió.</p><p>La nebulosa quedó impresionada por el astrónomo primordial.</p><p>""Aparte de la Edad de Hierro, no sabía que existían los astrónomos"".</p><p>Más tarde, los astrónomos pueden ayudar con habilidades como la arquitectura y las matemáticas.</p><p>Nebula esperaba que La'Krak fuera capaz de usar bien el atrapaestrellas.</p><p>El último invitado del día de Lakrak era una figura familiar para él.</p><p>—¿Su?</p><p>""Jefe, la brisa de la tarde es agradable"".</p><p>""¿Qué pasa?""</p><p>Ur era un Hombre Lagarto más joven que Rakrak.</p><p>Pero ahora era tan grande y ágil como era, lo que lo convertía en el mejor guerrero fuera de Rakrak y Zaol.</p><p>Y los amigos de los Hombres Lagarto que salían contigo también eran competentes y se llevaban bien, por lo que era un buen momento para que Lakrak les confiara algo.</p><p>""Zaol dijo que necesitábamos una forma de cruzar sin morir de hambre"".</p><p>""Sí. Por supuesto que debería habértelo preguntado.</p><p>—No, Jefe Jefe. Soy un novato"".</p><p>""No lo creo. Un guerrero no está hecho solo de fuerza"".</p><p>Ur se rascó la cabeza avergonzado.</p><p>""De todos modos, solo pensé en eso hoy, y pensé en eso cuando vi a ese buen Drake"".</p><p>—¿Qué es?</p><p>""El tipo de la vista 'domesticó' a Drake. ¿No sería posible domar algo más de la misma manera?""</p><p>—¿Por ejemplo?</p><p>Dijiste, señalando el altar de huesos de buey.</p><p>—¿Algo así como un búfalo de agua?</p><p>""'La Tribu de Lakrak' se ha dado cuenta de la Habilidad: Pastoreo. 」 Declararse en bancarrota bajo el capítulo 7
Tonto
Bloqueo de anuncios
Castillo
Capítulo 7
Íntegro
Considerar
Hija
Familia
 Fantasía
Declararse en bancarrota bajo el capítulo 7
Tonto
Bloqueo de anuncios
Castillo
Capítulo 7
Íntegro
Considerar</p>"
